,,,"Note that these figures are generated using a formula that protects against any artificial inflation of chart positions.",
Position,"Track Name",Artist,Streams,URL
1,"thank u, next","Ariana Grande",2347362,https://open.spotify.com/track/2rPE9A1vEgShuZxxzR2tZH
2,Buwan,"juan karlos",1965685,https://open.spotify.com/track/5f9808hpiCpuNyqqdXmpF2
3,"Kung 'Di Rin Lang Ikaw","December Avenue",1799355,https://open.spotify.com/track/2BgD4nRyx9EZ5o8YEnjRSV
4,Sana,"I Belong to the Zoo",1777691,https://open.spotify.com/track/1X4l4i472kW5ofFP8Xo0x0
5,"Sa Ngalan Ng Pag-Ibig","December Avenue",1517511,https://open.spotify.com/track/00mBzIWv5gHOYxwuEJXjOG
6,"Malibu Nights",LANY,1486530,https://open.spotify.com/track/0Eqg0CQ7bK3RQIMPw1A7pl
7,"Maybe The Night",Ben&Ben,1407407,https://open.spotify.com/track/1yDiru08Q6omDOGkZMPnei
8,"Kahit Ayaw Mo Na","This Band",1336697,https://open.spotify.com/track/5V2AX2WTOHl2FKtftvisV6
9,"Kathang Isip",Ben&Ben,1283073,https://open.spotify.com/track/3WUEs51GpcvlgU7lehLgLh
10,"Love Someone","Lukas Graham",1128928,https://open.spotify.com/track/3id2EVGKc3eFAMn9nFnB0r
11,Happier,Marshmello,1077704,https://open.spotify.com/track/2dpaYNEQHiRxtZbfNsse99
12,2002,Anne-Marie,980752,https://open.spotify.com/track/2BgEsaKNfHUdlh97KmvFyo
13,"Thru These Tears",LANY,965405,https://open.spotify.com/track/7GbAp0HKPQW7WnFJAzMoRk
14,"Beautiful (feat. Camila Cabello)",Bazzi,907832,https://open.spotify.com/track/4VUwkH455At9kENOfzTqmF
15,Mundo,"IV Of Spades",895715,https://open.spotify.com/track/4u8RkgV6P4TLi89SmlUtv8
16,Weak,"Khel Pangilinan",876160,https://open.spotify.com/track/06cUybZMETs4i3yQO1f7p3
17,"Kiss and Make Up","Dua Lipa",864895,https://open.spotify.com/track/13hvHEstJ4sNbzdroPrPI3
18,Bulong,"December Avenue",860624,https://open.spotify.com/track/5nMKJJ5Rl6X1yn58aVeICO
19,"Girls Like You (feat. Cardi B)","Maroon 5",838625,https://open.spotify.com/track/7fa9MBXhVfQ8P8Df9OEbD8
20,"Taki Taki (with Selena Gomez, Ozuna & Cardi B)","DJ Snake",813020,https://open.spotify.com/track/4w8niZpiMy6qz1mntFA5uM
21,"'Di Na Muli","Janine Teñoso",787590,https://open.spotify.com/track/3VQb0rq27GPX92X53Ni1Lc
22,"Sunflower - Spider-Man: Into the Spider-Verse","Post Malone",763451,https://open.spotify.com/track/1A6OTy97kk0mMdm78rHsm8
23,"Without Me",Halsey,752687,https://open.spotify.com/track/5p7ujcrUXASCNwRaWNHR1C
24,Ex,Callalily,742761,https://open.spotify.com/track/0GHwNr0lqf8jpc9wesmnHo
25,Better,Khalid,714996,https://open.spotify.com/track/6zeeWid2sgw4lap2jV61PZ
26,"I Don't Wanna Love You Anymore",LANY,709594,https://open.spotify.com/track/7ArrTJ1LwcGAlEO65LUQ7i
27,SOLO,JENNIE,694888,https://open.spotify.com/track/2wVDWtLKXunswWecARNILj
28,"8 Letters","Why Don't We",688515,https://open.spotify.com/track/4zRZAmBQP8vhNPf9i9opXt
29,"Eastside (with Halsey & Khalid)","benny blanco",664991,https://open.spotify.com/track/0d2iYfpKoM0QCKvcLCkBao
30,"You Are The Reason","Calum Scott",639947,https://open.spotify.com/track/69vToJ9BMbbLlFZo7k7A7B
31,IDGAF,"Dua Lipa",637217,https://open.spotify.com/track/76cy1WJvNGJTj78UqeA5zr
32,"Rewrite The Stars (with James Arthur & Anne-Marie)","James Arthur",602489,https://open.spotify.com/track/6mQLN3zRtAp6ovjusyYKrV
33,"Thick And Thin",LANY,591715,https://open.spotify.com/track/3D110t9ctcoOoylXsc3iR8
34,"This Feeling (feat. Kelsea Ballerini)","The Chainsmokers",572763,https://open.spotify.com/track/6LKYeyLt4G4SlZ6OJwFhVS
35,"Woman Like Me (feat. Nicki Minaj)","Little Mix",558087,https://open.spotify.com/track/222B3aljXx6fFwKmFjuBED
36,Akala,Marion,537345,https://open.spotify.com/track/2Gh039ZAfydrM5IjiGlvEj
37,"Midnight Sky","Unique Salonga",522229,https://open.spotify.com/track/5eFzCfsj3d0yWumdEldZwL
38,"Hindi Na Nga","This Band",521523,https://open.spotify.com/track/50hVyhZM4nvizfrQe38F3l
39,"The Middle",Zedd,510969,https://open.spotify.com/track/09IStsImFySgyp0pIQdqAc
40,"Waste It On Me (feat. BTS)","Steve Aoki",487574,https://open.spotify.com/track/2J0X46UkpfLlWbuCXFgDLr
41,"Bohemian Rhapsody - Remastered 2011",Queen,472041,https://open.spotify.com/track/7tFiyTwD0nx5a1eklYtX2J
42,"Be Alright","Dean Lewis",450296,https://open.spotify.com/track/3EPXxR3ImUwfayaurPi3cm
43,Ours,Ben&Ben,435639,https://open.spotify.com/track/2Bb9MjP3gY9oaUXXJLFDVi
44,Tagpuan,"Moira Dela Torre",429030,https://open.spotify.com/track/0ztDBQdQmdVZvorSmIjMih
45,breathin,"Ariana Grande",424433,https://open.spotify.com/track/4OafepJy2teCjYJbvFE60J
46,Narcissist,"No Rome",404295,https://open.spotify.com/track/4Zft1h1zRfkBqlAo4qEPqp
47,"No Brainer","DJ Khaled",396379,https://open.spotify.com/track/5WvAo7DNuPRmk4APhdPzi8
48,"Balang Araw","I Belong to the Zoo",396160,https://open.spotify.com/track/5NXdUJ3Z2jhlp2u1cj6f7m
49,Rise,"Jonas Blue",395684,https://open.spotify.com/track/3KLygy1YWhmrQx0GRs7IOx
50,"Close To Me (with Diplo) (feat. Swae Lee)","Ellie Goulding",394879,https://open.spotify.com/track/5JEx7HbmvHQQswJCsoo9rA
51,"Freaky Friday (feat. Chris Brown)","Lil Dicky",386475,https://open.spotify.com/track/10Igtw8bSDyyFs7KIsKngZ
52,"Kahit Di Mo Alam","December Avenue",385996,https://open.spotify.com/track/6GIzDc4xBUeYHwubWwTrhC
53,"Say You Won't Let Go","James Arthur",367445,https://open.spotify.com/track/5uCax9HTNlzGybIStD3vDh
54,"Kahit Maputi Na Ang Buhok ko - From ""The Hows Of Us""","Moira Dela Torre",351659,https://open.spotify.com/track/7aW2GrNlteWTwQZxX6LNjT
55,"I Like Me Better",Lauv,345072,https://open.spotify.com/track/2P91MQbaiQOfbiz9VqhqKQ
56,"Ruin My Life","Zara Larsson",343428,https://open.spotify.com/track/5tAa8Uaqr4VvA3693mbIhU
57,"Bakit Ba Ikaw","Michael Pangilinan",340069,https://open.spotify.com/track/0Vmk6Ebk4QBq7r0VAz2a6s
58,"Pasensya Ka Na","Silent Sanctuary",337385,https://open.spotify.com/track/0YyM8aEdbjGfLWPn6fdcn7
59,Tadhana,"Up Dharma Down",331188,https://open.spotify.com/track/6NFKf8vBApSvtzkapYmnVR
60,"Don't Leave Me Alone (feat. Anne-Marie)","David Guetta",326516,https://open.spotify.com/track/2zy9TMoZlYGuCNY4TLqG24
61,"All I Want for Christmas Is You","Mariah Carey",326056,https://open.spotify.com/track/0bYg9bo50gSsH3LtXe2SQn
62,Leaves,Ben&Ben,320597,https://open.spotify.com/track/6wdCelHrPh7UfliNjwRTUv
63,Hiling,"Mark Carpio",317224,https://open.spotify.com/track/6xQs6y6CpDqK9VKCktApEL
64,"Too Good At Goodbyes","Sam Smith",315457,https://open.spotify.com/track/1mXVgsBdtIVeCLJnSnmtdV
65,"Oks Lang","John Roa",313899,https://open.spotify.com/track/2wTxJWt2gA9a1Z94dTnPiI
66,"These Days (feat. Jess Glynne, Macklemore & Dan Caplen)",Rudimental,305411,https://open.spotify.com/track/5CLGzJsGqhCEECcpnFQA8x
67,"Best Part (feat. Daniel Caesar)",H.E.R.,302940,https://open.spotify.com/track/4OBZT9EnhYIV17t4pGw7ig
68,"Bad Liar","Imagine Dragons",302361,https://open.spotify.com/track/2RSHsoi04658QL5xgQVov3
69,"come out and play","Billie Eilish",297907,https://open.spotify.com/track/7wC5eZcFS1Q1BsQ35DU6H4
70,"Kung Wala Ka",Hale,289890,https://open.spotify.com/track/4JSDhJVmo2UqdF7nxbyenn
71,Sila,SUD,287708,https://open.spotify.com/track/2IMODbij0lZ5CuAjZi0IDE
72,"Empty Space","James Arthur",286908,https://open.spotify.com/track/1uru26I2JKd2mQZt0MDCUe
73,"no tears left to cry","Ariana Grande",282779,https://open.spotify.com/track/2qT1uLXPVPzGgFOx4jtEuo
74,"YES or YES",TWICE,282037,https://open.spotify.com/track/184XtKkzoAl83quIarUAJP
75,"Santa Tell Me","Ariana Grande",270617,https://open.spotify.com/track/0lizgQ7Qw35od7CYaoMBZb
76,"Hanggang Kailan - Umuwi Ka Na Baby","Orange & Lemons",267955,https://open.spotify.com/track/5UhpceEr5XmbVwyoIUIRnh
77,"Saturday Nights",Khalid,265299,https://open.spotify.com/track/5kfNriitmkNE8mUbZ7gbq8
78,"DDU-DU DDU-DU - KR Ver.",BLACKPINK,261727,https://open.spotify.com/track/2CWnuF7ht55Ajyeg4WPvWu
79,"Rewrite The Stars","Zac Efron",261469,https://open.spotify.com/track/630sXRhIcfwr2e4RdNtjKN
80,"SICKO MODE","Travis Scott",260197,https://open.spotify.com/track/2xLMifQCjDGFmkHkpNLD9h
81,"RBB (Really Bad Boy)","Red Velvet",257838,https://open.spotify.com/track/4xjVP2Vogo0C72o6Nevq0W
82,"Super Far",LANY,257472,https://open.spotify.com/track/15ahYSiHAIMxAnujlXVtta
83,"There's No Way (feat. Julia Michaels)",Lauv,257001,https://open.spotify.com/track/2hnxrRNzF74mdDzpQZQukQ
84,"Happy Now",Kygo,256816,https://open.spotify.com/track/14sOS5L36385FJ3OL8hew4
85,Perfect,"Ed Sheeran",255440,https://open.spotify.com/track/0tgVpDi06FyKpA1z0VMD4v
86,"Di Makatulog",SUD,253792,https://open.spotify.com/track/2ZiNCGDMapQzMtnPRVOKZI
87,Magbalik,Callalily,251041,https://open.spotify.com/track/5zMR44ZH4KVZj4FlhTj3SE
88,Photograph,"Ed Sheeran",246363,https://open.spotify.com/track/6fxVffaTuwjgEk5h9QyRjy
89,Migraine,Moonstar88,242064,https://open.spotify.com/track/7sW3f7PqDV7BQ7qqeVBJIA
90,"So Sick",Ne-Yo,239413,https://open.spotify.com/track/6brl7bwOHmGFkNw3MBqssT
91,"Switch It Up",Lavaado,239154,https://open.spotify.com/track/0Xq3TsWq8bCm7myxpBm0rh
92,ILYSB,LANY,238155,https://open.spotify.com/track/2btKtacOXuMtC9WjcNRvAA
93,"Sweet but Psycho","Ava Max",237157,https://open.spotify.com/track/25sgk305KZfyuqVBQIahim
94,Closer,"The Chainsmokers",229558,https://open.spotify.com/track/7BKLCZ1jbUBVqRi2FVlTVw
95,Happier,"Ed Sheeran",227298,https://open.spotify.com/track/2RttW7RAu5nOAfq6YFvApB
96,"Take A Bow - Main",Rihanna,226674,https://open.spotify.com/track/39afswHs17v53znQm1gDTY
97,"Somebody To Love - Remastered 2011",Queen,226409,https://open.spotify.com/track/6cFZ4PLC19taNlpl9pbGMf
98,"With a Smile","South Border",225244,https://open.spotify.com/track/6XmskR1cMfgys1W7dExmgi
99,Sandali,Because,223716,https://open.spotify.com/track/1emnGTAsF4zSaWidgvK08I
100,"New Rules","Dua Lipa",223648,https://open.spotify.com/track/2xJCMIJfcNYDc5iR0sAm2O
101,"The Day You Said Goodnight - Acoustic Version",Hale,221583,https://open.spotify.com/track/6CHpr3pY2MbJ5y1076UDnI
102,"What Lovers Do","Maroon 5",221114,https://open.spotify.com/track/0WdGQhoAP2LBsqr5Jhit2g
103,"Tell Me Where It Hurts",MYMP,218376,https://open.spotify.com/track/6C2nrsOlb3jOUGcJAmPrTA
104,"when the party's over","Billie Eilish",217318,https://open.spotify.com/track/14JzyD6FlBD5z0wV5P07YI
105,13,LANY,215378,https://open.spotify.com/track/0WOvSEVpUGkNufX0w0M06F
106,"Ang Huling El Bimbo",Eraserheads,213926,https://open.spotify.com/track/135ggzbjOogZ75IQ0LQi8r
107,"In My Feelings",Drake,211931,https://open.spotify.com/track/2G7V7zsVDxg1yRsu7Ew9RJ
108,"Better Now","Post Malone",210425,https://open.spotify.com/track/7dt6x5M1jzdTEt8oCbisTK
109,"Let You Love Me","Rita Ora",207866,https://open.spotify.com/track/5Fla3zyOCcIRqrDoKLU0DP
110,"God is a woman","Ariana Grande",206567,https://open.spotify.com/track/5OCJzvD7sykQEKHH7qAC3C
111,Iris,"The Goo Goo Dolls",204575,https://open.spotify.com/track/6Qyc6fS4DsZjB2mRW9DsQs
112,"Beach House","The Chainsmokers",204247,https://open.spotify.com/track/0N8MGHEDAq29ip7RrlrTeN
113,"Another One Bites The Dust - Remastered 2011",Queen,203259,https://open.spotify.com/track/5vdp5UmvTsnMEMESIF2Ym7
114,"Wake Up in the Sky","Gucci Mane",202900,https://open.spotify.com/track/0QIjsbm2fh1cJ45XO9eGqq
115,"Meant to Be (feat. Florida Georgia Line)","Bebe Rexha",201804,https://open.spotify.com/track/4e4fqjx0Izh4svvTef1z7e
116,"TIC TOC",6ix9ine,201733,https://open.spotify.com/track/4m5Cd9kAbIxg6t9sMrQWtk
117,"Lucid Dreams","Juice WRLD",201511,https://open.spotify.com/track/0s3nnoMeVWz3989MkNQiRf
118,"Love Of My Life - Remastered 2011",Queen,200584,https://open.spotify.com/track/4YJUTdZ0Pgl0ZeNyHYXeLd
119,Someday,Nina,199779,https://open.spotify.com/track/1MkiRsYBkXbXvdiYvTTiQT
120,"Dying Inside To Hold You - From "" All Of You"" Official Soundtrack","Darren Espanto",199228,https://open.spotify.com/track/7xty20N3DMTVOVtDIS2Jov
121,"ILYSB - STRIPPED",LANY,198498,https://open.spotify.com/track/3Dkvp3L4w0uJFYfIPa8E9H
122,Nadarang,"Shanti Dope",198458,https://open.spotify.com/track/6LJ1p1h5EcMK4VPeCLDSoF
123,"Eroplanong Papel","December Avenue",197713,https://open.spotify.com/track/0dJPIIlTmVM0lambbFgAYq
124,"She Will Be Loved - Radio Mix","Maroon 5",197313,https://open.spotify.com/track/4llK75pXNWZz6KAho2Gp16
125,Sa'yo,"Silent Sanctuary",195839,https://open.spotify.com/track/29xs643Q96uQLD8f7SxYYw
126,Breakeven,"The Script",195312,https://open.spotify.com/track/1a1i2IwXnUN0PjllVEhA4B
127,Shallow,"Lady Gaga",194776,https://open.spotify.com/track/2VxeLyX666F8uXCJ0dZF8B
128,"Kung Akin Ang Mundo","Erik Santos",193461,https://open.spotify.com/track/0W2kzUI1K0tT0RpggJZ4Js
129,Someday,"Leanne & Naara",193402,https://open.spotify.com/track/6sl4KzZ9PRb8xTzjYIrHAP
130,"Sincerity Is Scary","The 1975",193363,https://open.spotify.com/track/6HguG9HRb1Ke1bhihfE4m8
131,Tagu-Taguan,"Moira Dela Torre",192952,https://open.spotify.com/track/2iOnWSWcChoGmUufbrQ00e
132,"Havana (feat. Young Thug)","Camila Cabello",189676,https://open.spotify.com/track/1rfofaqEpACxVEHIZBJe6W
133,"Huling Sayaw - Acoustic",Kamikazee,185583,https://open.spotify.com/track/4UgtdWy4dm7vMVIupUbtMm
134,"Under Pressure - Remastered",Queen,185550,https://open.spotify.com/track/2fuCquhmrzHpu5xcA1ci9x
135,"Malaya (Camp Sawi Original Motion Picture Soundtrack)","Moira Dela Torre",185406,https://open.spotify.com/track/6M21eWbEw74XDdoQsNIinq
136,"Back To You - From 13 Reasons Why – Season 2 Soundtrack","Selena Gomez",183050,https://open.spotify.com/track/4hQ6UGyWQIGJmHSo0J88JW
137,"As If It's Your Last",BLACKPINK,182869,https://open.spotify.com/track/1Zyd6zQnC6XIIzmg3hP7Ot
138,"One and Only","Parokya Ni Edgar",182296,https://open.spotify.com/track/3OpGUlDmRUXh0NkIYWoIlD
139,BAAM,MOMOLAND,180891,https://open.spotify.com/track/4Is1b37KJY9XVCgzp81FBW
140,"Psycho (feat. Ty Dolla $ign)","Post Malone",180308,https://open.spotify.com/track/3swc6WTsr7rl9DqQKQA55C
141,"Jingle Bell Rock","Bobby Helms",179941,https://open.spotify.com/track/7vQbuQcyTflfCIOu3Uzzya
142,"I'm Yours","Jason Mraz",179180,https://open.spotify.com/track/3S0OXQeoh0w6AY8WQVckRW
143,"Young Dumb & Broke",Khalid,177909,https://open.spotify.com/track/5Z3GHaZ6ec9bsiI5BenrbY
144,"Capital Letters","Hailee Steinfeld",176557,https://open.spotify.com/track/2bllegdYt2WoYdbRZyJ730
145,Stickwitu,"The Pussycat Dolls",175929,https://open.spotify.com/track/4NjR63Up0uMkQBlKvlZd1l
146,"Hanggang Kailan","Michael Pangilinan",175307,https://open.spotify.com/track/01YEqVPCm0vqRLA9w43bic
147,"I Want It That Way","Backstreet Boys",174155,https://open.spotify.com/track/47BBI51FKFwOMlIiX6m8ya
148,Harana,"Parokya Ni Edgar",174087,https://open.spotify.com/track/3gyEt1vswIEbpQqBs18Lha
149,"This I Promise You",*NSYNC,173232,https://open.spotify.com/track/2Dp2LRrY71XIfLe3co2Qnh
150,"Maybe This Time - From ""Maybe This Time""","Sarah Geronimo",172727,https://open.spotify.com/track/0Dljpp52vCmtXi0E94qjfo
151,"Don't Stop Me Now - Remastered",Queen,172711,https://open.spotify.com/track/5T8EDUDqKcs6OSOwEsfqG7
152,"Happy Now",Zedd,172636,https://open.spotify.com/track/4keoy2fqgwGnbWlm3ZVZFa
153,Starving,"Hailee Steinfeld",172522,https://open.spotify.com/track/6875MeXyCW0wLyT72Eetmo
154,"Only Want You","Rita Ora",172426,https://open.spotify.com/track/2CTN6UuO2dNEVZXR0DJVk2
155,"Arms Around You (feat. Maluma & Swae Lee)",XXXTENTACION,172200,https://open.spotify.com/track/2LskIZrCeLxRvCiGP8gxlh
156,"La Vie en Rose",IZ*ONE,171993,https://open.spotify.com/track/1fRaznZsAB2i63TtmYv2Hc
157,"A Thousand Years","Christina Perri",171864,https://open.spotify.com/track/6lanRgr6wXibZr8KgzXxBl
158,"Why Can't It Be","Kaye Cal",171646,https://open.spotify.com/track/0zFYa7NIpKhmom8zrZx7Ga
159,Sino,"Unique Salonga",171231,https://open.spotify.com/track/637uCaC8im9B7Pe2O2Z53w
160,"The Scientist",Coldplay,170670,https://open.spotify.com/track/75JFxkI2RXiU7L9VXzMkle
161,"That's What I Like","Bruno Mars",170182,https://open.spotify.com/track/0KKkJNfGyhkQ5aFogxQAPU
162,"Last Christmas",Wham!,170068,https://open.spotify.com/track/2FRnf9qhLbvw8fu4IBXx78
163,comethru,"Jeremy Zucker",169558,https://open.spotify.com/track/6fFTPGGItuEpjwXRUIr4rk
164,Unan,Because,168892,https://open.spotify.com/track/6aqH1me0AcXPwJEAflvNoT
165,"Nothing's Gonna Stop Us Now - From ""Crazy Beautiful You""",Morissette,168376,https://open.spotify.com/track/1qoXYfWILyuN0EatImGlma
166,"If You See Her",LANY,168139,https://open.spotify.com/track/3coUcc0CDAHz2QwdP7Pee8
167,"Don't Know What To Do (Don't Know What To Say)","Mark Carpio",167702,https://open.spotify.com/track/1ER60P43ftVOLaMRvBfpnt
168,"BBoom BBoom",MOMOLAND,167172,https://open.spotify.com/track/3BPoSr2pO34Aan6alFfVto
169,"Huwag Na Huwag Mong Sasabihin",SUD,167146,https://open.spotify.com/track/3yLKvQB94z3o2kiaGuqbTP
170,Mine,Bazzi,166149,https://open.spotify.com/track/7uzmGiiJyRfuViKKK3lVmR
171,"Shape of You","Ed Sheeran",166049,https://open.spotify.com/track/7qiZfU4dY1lWllzX7mPBI3
172,FRIENDS,Marshmello,165779,https://open.spotify.com/track/08bNPGLD8AhKpnnERrAc6G
173,"Just the Way You Are","Bruno Mars",164424,https://open.spotify.com/track/7BqBn9nzAq8spo5e7cZ0dJ
174,POP/STARS,K/DA,163323,https://open.spotify.com/track/5sbooPcNgIE22DwO0VNGUJ
175,"Let Me Go (with Alesso, Florida Georgia Line & watt)","Hailee Steinfeld",161053,https://open.spotify.com/track/5Gu0PDLN4YJeW75PpBSg9p
176,"Treat You Better","Shawn Mendes",160405,https://open.spotify.com/track/3QGsuHI8jO1Rx4JWLUh9jd
177,"FOREVER YOUNG - KR Ver.",BLACKPINK,158895,https://open.spotify.com/track/57Enap29zKl7NGRdDJjkjA
178,"Can’t Help Falling in Love","Kina Grannis",157208,https://open.spotify.com/track/7uuEfUMuPeQ7RlSWa0cES2
179,"Valentine's Day",LANY,156735,https://open.spotify.com/track/2juRA8DhQePry4eb2LMUMM
180,"I Always Wanna Die (Sometimes)","The 1975",156520,https://open.spotify.com/track/7iPlcFvOMOzt6v0QvcAueZ
181,"Out of My League","Stephen Speaks",155559,https://open.spotify.com/track/2PkQeKapTNUjwpKLf8aJlq
182,"Rockin' Around The Christmas Tree","Brenda Lee",155106,https://open.spotify.com/track/2EjXfH91m7f8HiJN1yQg97
183,"'Di Na Muli",Itchyworms,154335,https://open.spotify.com/track/0rkML0CSX3wteVwUh5cspv
184,"LOVE SCENARIO",iKON,153992,https://open.spotify.com/track/6qAzAmPBUpGrk7XADZHR5k
185,Mistletoe,"Justin Bieber",153776,https://open.spotify.com/track/7xapw9Oy21WpfEcib2ErSA
186,Prinsesa,6cyclemind,153621,https://open.spotify.com/track/2S80c51YXgJQhkhX603fMA
187,"Electricity (with Dua Lipa)","Silk City",153295,https://open.spotify.com/track/5N4erncE7kuUccm7zEmwzk
188,"The Day You Said Goodnight",Hale,152956,https://open.spotify.com/track/0HZ3OUVrGHxttD2EuHqRm3
189,"MIA (feat. Drake)","Bad Bunny",152375,https://open.spotify.com/track/116H0KvKr2Zl4RPuVBruDO
190,Rainbow,"South Border",152370,https://open.spotify.com/track/3VcVQmMivq2ISfKUmIuvMK
191,"Bleeding Love","Leona Lewis",152323,https://open.spotify.com/track/7wZUrN8oemZfsEd1CGkbXE
192,"Like I'm Gonna Lose You (feat. John Legend)","Meghan Trainor",151714,https://open.spotify.com/track/2YlZnw2ikdb837oKMKjBkW
193,Lucky,"Jason Mraz",151415,https://open.spotify.com/track/2qLMf6TuEC3ruGJg4SMMN6
194,Youngblood,"5 Seconds of Summer",151380,https://open.spotify.com/track/2iUXsYOEPhVqEBwsqP70rE
195,"Taking Me Back",LANY,151175,https://open.spotify.com/track/6A9mMKHYdeUJGvQDKChC0C
196,"Before I Let You Go",Freestyle,150572,https://open.spotify.com/track/1VvFtp71ibaXiHxurBlXuw
197,"We Will Rock You - Remastered",Queen,150356,https://open.spotify.com/track/4pbJqGIASGPr0ZpGpnWkDn
198,"Little Do You Know","Alex & Sierra",150285,https://open.spotify.com/track/1almCHdsfikRPfVB9VrEdT
199,"I'll Never Go","Erik Santos",149565,https://open.spotify.com/track/57kqyESt7sfljPxFohKPR4
200,"One Last Time","Ariana Grande",149471,https://open.spotify.com/track/1CAksvEO6oRHd9bBKWAfuY
