,,,"Note that these figures are generated using a formula that protects against any artificial inflation of chart positions.",
Position,"Track Name",Artist,Streams,URL
1,"Kahit Ayaw Mo Na","This Band",2019030,https://open.spotify.com/track/5V2AX2WTOHl2FKtftvisV6
2,"Kung 'Di Rin Lang Ikaw","December Avenue",1972795,https://open.spotify.com/track/2BgD4nRyx9EZ5o8YEnjRSV
3,Sana,"I Belong to the Zoo",1792452,https://open.spotify.com/track/1X4l4i472kW5ofFP8Xo0x0
4,Buwan,"juan karlos",1686648,https://open.spotify.com/track/5f9808hpiCpuNyqqdXmpF2
5,"Sa Ngalan Ng Pag-Ibig","December Avenue",1528254,https://open.spotify.com/track/00mBzIWv5gHOYxwuEJXjOG
6,"thank u, next","Ariana Grande",1401545,https://open.spotify.com/track/2rPE9A1vEgShuZxxzR2tZH
7,"Love Someone","Lukas Graham",1399689,https://open.spotify.com/track/3id2EVGKc3eFAMn9nFnB0r
8,"Kathang Isip",Ben&Ben,1397471,https://open.spotify.com/track/3WUEs51GpcvlgU7lehLgLh
9,"7 rings","Ariana Grande",1383064,https://open.spotify.com/track/14msK75pk3pA33pzPVNtBF
10,"Maybe The Night",Ben&Ben,1292326,https://open.spotify.com/track/1yDiru08Q6omDOGkZMPnei
11,Bulong,"December Avenue",1235364,https://open.spotify.com/track/5nMKJJ5Rl6X1yn58aVeICO
12,"Malibu Nights",LANY,1177632,https://open.spotify.com/track/0Eqg0CQ7bK3RQIMPw1A7pl
13,"Sunflower - Spider-Man: Into the Spider-Verse","Post Malone",1154359,https://open.spotify.com/track/3KkXRkHbMCARz0aVfEt68P
14,"Hindi Na Nga","This Band",1032487,https://open.spotify.com/track/50hVyhZM4nvizfrQe38F3l
15,"Without Me",Halsey,996377,https://open.spotify.com/track/5p7ujcrUXASCNwRaWNHR1C
16,"Ikaw At Ako","Moira Dela Torre",938967,https://open.spotify.com/track/0gDRtumoR9ZrvAlnniToMz
17,Happier,Marshmello,933865,https://open.spotify.com/track/2dpaYNEQHiRxtZbfNsse99
18,2002,Anne-Marie,902837,https://open.spotify.com/track/2BgEsaKNfHUdlh97KmvFyo
19,"Dancing With A Stranger (with Normani)","Sam Smith",887270,https://open.spotify.com/track/6Qs4SXO9dwPj5GKvVOv8Ki
20,"Girls Like You (feat. Cardi B)","Maroon 5",883375,https://open.spotify.com/track/7fa9MBXhVfQ8P8Df9OEbD8
21,"Best Part (feat. Daniel Caesar)",H.E.R.,878325,https://open.spotify.com/track/4OBZT9EnhYIV17t4pGw7ig
22,"Kahit Di Mo Alam","December Avenue",862220,https://open.spotify.com/track/6GIzDc4xBUeYHwubWwTrhC
23,Undecided,"Chris Brown",840209,https://open.spotify.com/track/7uiBocndm12aKbsdnQ3Scx
24,"Beautiful (feat. Camila Cabello)",Bazzi,800687,https://open.spotify.com/track/4VUwkH455At9kENOfzTqmF
25,"Pauwi Nako",PDL,784480,https://open.spotify.com/track/2tzAN1L07SNwnOdgOEeuQr
26,"Taki Taki (with Selena Gomez, Ozuna & Cardi B)","DJ Snake",769307,https://open.spotify.com/track/4w8niZpiMy6qz1mntFA5uM
27,"Rewrite The Stars (with James Arthur & Anne-Marie)","James Arthur",758183,https://open.spotify.com/track/6mQLN3zRtAp6ovjusyYKrV
28,Tagpuan,"Moira Dela Torre",746923,https://open.spotify.com/track/0ztDBQdQmdVZvorSmIjMih
29,"Balang Araw","I Belong to the Zoo",742107,https://open.spotify.com/track/5NXdUJ3Z2jhlp2u1cj6f7m
30,Mundo,"IV Of Spades",733268,https://open.spotify.com/track/4u8RkgV6P4TLi89SmlUtv8
31,"Thru These Tears",LANY,709221,https://open.spotify.com/track/7GbAp0HKPQW7WnFJAzMoRk
32,"'Di Na Muli","Janine Teñoso",677323,https://open.spotify.com/track/3VQb0rq27GPX92X53Ni1Lc
33,Ex,Callalily,674141,https://open.spotify.com/track/0GHwNr0lqf8jpc9wesmnHo
34,"Eastside (with Halsey & Khalid)","benny blanco",670818,https://open.spotify.com/track/7FGq80cy8juXBCD2nrqdWU
35,Weak,"Khel Pangilinan",666850,https://open.spotify.com/track/06cUybZMETs4i3yQO1f7p3
36,Wow.,"Post Malone",663190,https://open.spotify.com/track/6MWtB6iiXyIwun0YzU6DFP
37,"Close To Me (with Diplo) (feat. Swae Lee)","Ellie Goulding",657226,https://open.spotify.com/track/5JEx7HbmvHQQswJCsoo9rA
38,"You Are The Reason","Calum Scott",657004,https://open.spotify.com/track/69vToJ9BMbbLlFZo7k7A7B
39,SOLO,JENNIE,574185,https://open.spotify.com/track/2wVDWtLKXunswWecARNILj
40,"I Don't Wanna Love You Anymore",LANY,571903,https://open.spotify.com/track/7ArrTJ1LwcGAlEO65LUQ7i
41,"This Feeling","The Chainsmokers",566384,https://open.spotify.com/track/4NBTZtAt1F13VvlSKe6KTl
42,Better,Khalid,555562,https://open.spotify.com/track/6zeeWid2sgw4lap2jV61PZ
43,"Sweet but Psycho","Ava Max",542171,https://open.spotify.com/track/25sgk305KZfyuqVBQIahim
44,"8 Letters","Why Don't We",540214,https://open.spotify.com/track/4zRZAmBQP8vhNPf9i9opXt
45,"I Like Me Better",Lauv,528779,https://open.spotify.com/track/2P91MQbaiQOfbiz9VqhqKQ
46,"i'm so tired...",Lauv,525401,https://open.spotify.com/track/7COXchtUOMd6uIT6HvmRaI
47,"Missin You Crazy",Russ,517670,https://open.spotify.com/track/4ve2uzqdwnHr20G5YgMMqr
48,"Kiss and Make Up","Dua Lipa",505060,https://open.spotify.com/track/13hvHEstJ4sNbzdroPrPI3
49,"High Hopes","Panic! At The Disco",504904,https://open.spotify.com/track/1rqqCSm0Qe4I9rUvWncaom
50,"Saturday Nights",Khalid,491259,https://open.spotify.com/track/5kfNriitmkNE8mUbZ7gbq8
51,"Say You Won't Let Go","James Arthur",419048,https://open.spotify.com/track/5uCax9HTNlzGybIStD3vDh
52,"Dulo Ng Hangganan","IV Of Spades",400506,https://open.spotify.com/track/7h4W9blGxYCkKJ3dxPZ84j
53,"Pasensya Ka Na","Silent Sanctuary",390964,https://open.spotify.com/track/0YyM8aEdbjGfLWPn6fdcn7
54,IDGAF,"Dua Lipa",382939,https://open.spotify.com/track/76cy1WJvNGJTj78UqeA5zr
55,"Kung Wala Ka",Hale,376237,https://open.spotify.com/track/4JSDhJVmo2UqdF7nxbyenn
56,"Too Good At Goodbyes","Sam Smith",373097,https://open.spotify.com/track/1mXVgsBdtIVeCLJnSnmtdV
57,Tadhana,"Up Dharma Down",372255,https://open.spotify.com/track/6NFKf8vBApSvtzkapYmnVR
58,Anino,"Up Dharma Down",365639,https://open.spotify.com/track/4KmkG7fVe8bNBUpCbKCdJQ
59,Hope,"The Chainsmokers",365045,https://open.spotify.com/track/4BiiOzZCrXEzHRLYcYFiD5
60,imagine,"Ariana Grande",362934,https://open.spotify.com/track/0todbbT9g5uQGbeFCiBf2F
61,Dalaga,ALLMO$T,355266,https://open.spotify.com/track/6fWTVk29yvFEqE5VY6Gslk
62,"Bakit Ba Ikaw","Michael Pangilinan",347131,https://open.spotify.com/track/0Vmk6Ebk4QBq7r0VAz2a6s
63,Ours,Ben&Ben,345631,https://open.spotify.com/track/2Bb9MjP3gY9oaUXXJLFDVi
64,"Sa Dulo Ng Walang Hanggan - Sa Ngalan Ng Pag-Ibig Piano Version","December Avenue",341843,https://open.spotify.com/track/1mTROTnvFi7uxGciL319Kb
65,"The Middle",Zedd,339271,https://open.spotify.com/track/09IStsImFySgyp0pIQdqAc
66,"MIDDLE CHILD","J. Cole",335179,https://open.spotify.com/track/2JvzF1RMd7lE3KmFlsyZD8
67,Migraine,Moonstar88,334942,https://open.spotify.com/track/7sW3f7PqDV7BQ7qqeVBJIA
68,Hiling,"Mark Carpio",332708,https://open.spotify.com/track/6xQs6y6CpDqK9VKCktApEL
69,Sila,SUD,329986,https://open.spotify.com/track/2IMODbij0lZ5CuAjZi0IDE
70,Narcissist,"No Rome",324387,https://open.spotify.com/track/4Zft1h1zRfkBqlAo4qEPqp
71,"Switch It Up",Lavaado,316916,https://open.spotify.com/track/0Xq3TsWq8bCm7myxpBm0rh
72,"Rewrite The Stars","Zac Efron",315316,https://open.spotify.com/track/630sXRhIcfwr2e4RdNtjKN
73,"Nights Like This (feat. Ty Dolla $ign)",Kehlani,311270,https://open.spotify.com/track/7e4KQkp5ZR1gXCAalRjX6B
74,"Hanggang Kailan - Umuwi Ka Na Baby","Orange & Lemons",310335,https://open.spotify.com/track/5UhpceEr5XmbVwyoIUIRnh
75,Leaves,Ben&Ben,308323,https://open.spotify.com/track/6wdCelHrPh7UfliNjwRTUv
76,"Lie To Me (feat. Julia Michaels)","5 Seconds of Summer",304591,https://open.spotify.com/track/6GzApXoBQiiAjak3tOQfV3
77,"Midnight Sky","Unique Salonga",301546,https://open.spotify.com/track/5eFzCfsj3d0yWumdEldZwL
78,"Oks Lang","John Roa",301158,https://open.spotify.com/track/2wTxJWt2gA9a1Z94dTnPiI
79,"Way Back Home (feat. Conor Maynard) - Sam Feldt Edit",SHAUN,300230,https://open.spotify.com/track/1ZLrDPgR7mvuTco3rQK8Pk
80,"no tears left to cry","Ariana Grande",298491,https://open.spotify.com/track/2qT1uLXPVPzGgFOx4jtEuo
81,Perfect,"Ed Sheeran",292687,https://open.spotify.com/track/0tgVpDi06FyKpA1z0VMD4v
82,Sandali,Because,289999,https://open.spotify.com/track/1emnGTAsF4zSaWidgvK08I
83,"Swan Song (From the Motion Picture ""Alita: Battle Angel"")","Dua Lipa",286885,https://open.spotify.com/track/5600nq7TiBraBX2jobyJ3l
84,Tagu-Taguan,"Moira Dela Torre",285157,https://open.spotify.com/track/2iOnWSWcChoGmUufbrQ00e
85,"With a Smile","South Border",284466,https://open.spotify.com/track/6XmskR1cMfgys1W7dExmgi
86,Akala,Marion,281992,https://open.spotify.com/track/2Gh039ZAfydrM5IjiGlvEj
87,Magbalik,Callalily,280319,https://open.spotify.com/track/5zMR44ZH4KVZj4FlhTj3SE
88,Shallow,"Lady Gaga",280127,https://open.spotify.com/track/2VxeLyX666F8uXCJ0dZF8B
89,"Di Makatulog",SUD,280082,https://open.spotify.com/track/2ZiNCGDMapQzMtnPRVOKZI
90,"Be Alright","Dean Lewis",279957,https://open.spotify.com/track/3EPXxR3ImUwfayaurPi3cm
91,"Tell Me Where It Hurts",MYMP,274553,https://open.spotify.com/track/6C2nrsOlb3jOUGcJAmPrTA
92,"Ang Huling El Bimbo",Eraserheads,272588,https://open.spotify.com/track/135ggzbjOogZ75IQ0LQi8r
93,"One and Only","Parokya Ni Edgar",266329,https://open.spotify.com/track/3OpGUlDmRUXh0NkIYWoIlD
94,Happier,"Ed Sheeran",261451,https://open.spotify.com/track/2RttW7RAu5nOAfq6YFvApB
95,"DDU-DU DDU-DU",BLACKPINK,260899,https://open.spotify.com/track/2aI2k39nfa3KFsa4JclQzw
96,"Bohemian Rhapsody - Remastered 2011",Queen,258551,https://open.spotify.com/track/7tFiyTwD0nx5a1eklYtX2J
97,"SICKO MODE","Travis Scott",255085,https://open.spotify.com/track/2xLMifQCjDGFmkHkpNLD9h
98,"Thick And Thin",LANY,254829,https://open.spotify.com/track/3D110t9ctcoOoylXsc3iR8
99,Nadarang,"Shanti Dope",248779,https://open.spotify.com/track/6LJ1p1h5EcMK4VPeCLDSoF
100,"Dying Inside To Hold You - From "" All Of You"" Official Soundtrack","Darren Espanto",246178,https://open.spotify.com/track/7xty20N3DMTVOVtDIS2Jov
101,"Ruin My Life","Zara Larsson",237848,https://open.spotify.com/track/5tAa8Uaqr4VvA3693mbIhU
102,"Back To You - From 13 Reasons Why – Season 2 Soundtrack","Selena Gomez",237252,https://open.spotify.com/track/4hQ6UGyWQIGJmHSo0J88JW
103,Someday,Nina,232293,https://open.spotify.com/track/1MkiRsYBkXbXvdiYvTTiQT
104,"Kahit Maputi Na Ang Buhok ko - From ""The Hows Of Us""","Moira Dela Torre",230144,https://open.spotify.com/track/7aW2GrNlteWTwQZxX6LNjT
105,"Malaya (Camp Sawi Original Motion Picture Soundtrack)","Moira Dela Torre",227764,https://open.spotify.com/track/6M21eWbEw74XDdoQsNIinq
106,"Super Far",LANY,227758,https://open.spotify.com/track/15ahYSiHAIMxAnujlXVtta
107,"What Lovers Do","Maroon 5",226944,https://open.spotify.com/track/0WdGQhoAP2LBsqr5Jhit2g
108,"There's No Way (feat. Julia Michaels)",Lauv,226915,https://open.spotify.com/track/2hnxrRNzF74mdDzpQZQukQ
109,"Kung Akin Ang Mundo","Erik Santos",224935,https://open.spotify.com/track/0W2kzUI1K0tT0RpggJZ4Js
110,"Meant to Be (feat. Florida Georgia Line)","Bebe Rexha",224277,https://open.spotify.com/track/4e4fqjx0Izh4svvTef1z7e
111,Sa'yo,"Silent Sanctuary",223997,https://open.spotify.com/track/29xs643Q96uQLD8f7SxYYw
112,"Better Now","Post Malone",223809,https://open.spotify.com/track/7dt6x5M1jzdTEt8oCbisTK
113,"Eroplanong Papel","December Avenue",221821,https://open.spotify.com/track/0dJPIIlTmVM0lambbFgAYq
114,"Dating Tayo","TJ Monterde",221151,https://open.spotify.com/track/267RumTt5KeLBGl2KWxBL0
115,Stickwitu,"The Pussycat Dolls",216799,https://open.spotify.com/track/4NjR63Up0uMkQBlKvlZd1l
116,Someday,"Leanne & Naara",213867,https://open.spotify.com/track/6sl4KzZ9PRb8xTzjYIrHAP
117,"Giant (with Rag'n'Bone Man)","Calvin Harris",209215,https://open.spotify.com/track/5itOtNx0WxtJmi1TQ3RuRd
118,Photograph,"Ed Sheeran",208766,https://open.spotify.com/track/6fxVffaTuwjgEk5h9QyRjy
119,"YES or YES",TWICE,208594,https://open.spotify.com/track/184XtKkzoAl83quIarUAJP
120,Sundo,Imago,208197,https://open.spotify.com/track/2OqQDFY4MgzkAoAZ67CscA
121,"Fire On Fire - From ""Watership Down""","Sam Smith",207933,https://open.spotify.com/track/5rFj8OzffT0iggSjcBaeND
122,Starving,"Hailee Steinfeld",206377,https://open.spotify.com/track/6875MeXyCW0wLyT72Eetmo
123,"A Thousand Years","Christina Perri",206127,https://open.spotify.com/track/6lanRgr6wXibZr8KgzXxBl
124,"Let Me Go (with Alesso, Florida Georgia Line & watt)","Hailee Steinfeld",205923,https://open.spotify.com/track/5Gu0PDLN4YJeW75PpBSg9p
125,"Huling Sayaw - Acoustic",Kamikazee,205784,https://open.spotify.com/track/4UgtdWy4dm7vMVIupUbtMm
126,"So Sick",Ne-Yo,205299,https://open.spotify.com/track/6brl7bwOHmGFkNw3MBqssT
127,"Capital Letters","Hailee Steinfeld",205128,https://open.spotify.com/track/2bllegdYt2WoYdbRZyJ730
128,"Lost in the Fire",Gesaffelstein,203517,https://open.spotify.com/track/7wFybC8jBH3zE139OpCtpG
129,"ILYSB - STRIPPED",LANY,201709,https://open.spotify.com/track/3Dkvp3L4w0uJFYfIPa8E9H
130,ILYSB,LANY,201500,https://open.spotify.com/track/2btKtacOXuMtC9WjcNRvAA
131,"Freaky Friday (feat. Chris Brown)","Lil Dicky",200193,https://open.spotify.com/track/10Igtw8bSDyyFs7KIsKngZ
132,"Love Shot",EXO,200145,https://open.spotify.com/track/33NAYATbWRoo5RuEP30JBZ
133,"This I Promise You",*NSYNC,200053,https://open.spotify.com/track/2Dp2LRrY71XIfLe3co2Qnh
134,"The Day You Said Goodnight - Acoustic Version",Hale,199695,https://open.spotify.com/track/6CHpr3pY2MbJ5y1076UDnI
135,"Psycho (feat. Ty Dolla $ign)","Post Malone",199137,https://open.spotify.com/track/3swc6WTsr7rl9DqQKQA55C
136,breathin,"Ariana Grande",198604,https://open.spotify.com/track/4OafepJy2teCjYJbvFE60J
137,"As If It's Your Last",BLACKPINK,198557,https://open.spotify.com/track/1Zyd6zQnC6XIIzmg3hP7Ot
138,"Someone You Loved","Lewis Capaldi",198544,https://open.spotify.com/track/2TIlqbIneP0ZY1O0EzYLlc
139,"Take A Bow - Main",Rihanna,198476,https://open.spotify.com/track/39afswHs17v53znQm1gDTY
140,"Hanggang Kailan","Michael Pangilinan",198456,https://open.spotify.com/track/01YEqVPCm0vqRLA9w43bic
141,"You And Me",Lifehouse,198058,https://open.spotify.com/track/0815caqt2Lytro5EIzMufT
142,Closer,"The Chainsmokers",198016,https://open.spotify.com/track/7BKLCZ1jbUBVqRi2FVlTVw
143,comethru,"Jeremy Zucker",197792,https://open.spotify.com/track/6fFTPGGItuEpjwXRUIr4rk
144,"Shape of My Heart","Backstreet Boys",197334,https://open.spotify.com/track/35o9a4iAfLl5jRmqMX9c1D
145,Demonyo,"juan karlos",195094,https://open.spotify.com/track/1WXs4O7mBxXglHJPwYweHq
146,"Look Back At It","A Boogie Wit da Hoodie",191640,https://open.spotify.com/track/3Ol2xnObFdKV9pmRD2t9x8
147,"Let Me Down Slowly","Alec Benjamin",191446,https://open.spotify.com/track/2qxmye6gAegTMjLKEBoR3d
148,"The Day You Said Goodnight",Hale,190652,https://open.spotify.com/track/0HZ3OUVrGHxttD2EuHqRm3
149,Lucky,"Jason Mraz",190551,https://open.spotify.com/track/2qLMf6TuEC3ruGJg4SMMN6
150,"She Will Be Loved - Radio Mix","Maroon 5",190389,https://open.spotify.com/track/4llK75pXNWZz6KAho2Gp16
151,"Miss Independent",Ne-Yo,188202,https://open.spotify.com/track/34ceTg8ChN5HjrqiIYCn9Q
152,Youngblood,"5 Seconds of Summer",187796,https://open.spotify.com/track/2iUXsYOEPhVqEBwsqP70rE
153,"I'm Yours","Jason Mraz",187670,https://open.spotify.com/track/3S0OXQeoh0w6AY8WQVckRW
154,"I'm a Mess","Bebe Rexha",186522,https://open.spotify.com/track/04ZTP5KsCypmtCmQg5tH9R
155,"New Rules","Dua Lipa",185835,https://open.spotify.com/track/2xJCMIJfcNYDc5iR0sAm2O
156,"Happy Now",Zedd,185350,https://open.spotify.com/track/4keoy2fqgwGnbWlm3ZVZFa
157,"Big Plans","Why Don't We",184189,https://open.spotify.com/track/6Yx181fZzA0YE2EkUsYruq
158,214,Rivermaya,181842,https://open.spotify.com/track/7gZ3kWNtIxFgxjsm5OTVMB
159,"Treat You Better","Shawn Mendes",181030,https://open.spotify.com/track/3QGsuHI8jO1Rx4JWLUh9jd
160,"Why Can't It Be","Kaye Cal",180537,https://open.spotify.com/track/0zFYa7NIpKhmom8zrZx7Ga
161,"Out of My League","Stephen Speaks",180491,https://open.spotify.com/track/2PkQeKapTNUjwpKLf8aJlq
162,"when the party's over","Billie Eilish",178573,https://open.spotify.com/track/14JzyD6FlBD5z0wV5P07YI
163,Rainbow,"South Border",176763,https://open.spotify.com/track/3VcVQmMivq2ISfKUmIuvMK
164,Iris,"The Goo Goo Dolls",176679,https://open.spotify.com/track/6Qyc6fS4DsZjB2mRW9DsQs
165,"Before I Let You Go",Freestyle,176604,https://open.spotify.com/track/1VvFtp71ibaXiHxurBlXuw
166,13,LANY,176263,https://open.spotify.com/track/0WOvSEVpUGkNufX0w0M06F
167,Sino,"Unique Salonga",176192,https://open.spotify.com/track/637uCaC8im9B7Pe2O2Z53w
168,"Forever Young",BLACKPINK,176142,https://open.spotify.com/track/56bHclo7YNvpujMveLElQn
169,"Nothing's Gonna Stop Us Now - From ""Crazy Beautiful You""",Morissette,176110,https://open.spotify.com/track/1qoXYfWILyuN0EatImGlma
170,Mine,Bazzi,175866,https://open.spotify.com/track/7uzmGiiJyRfuViKKK3lVmR
171,"In My Blood","Shawn Mendes",174998,https://open.spotify.com/track/2QZ7WLBE8h2y1Y5Fb8RYbH
172,"Wake Up in the Sky","Gucci Mane",174973,https://open.spotify.com/track/2G1tXoGBaEMJ7FKGnkf6ud
173,"That's What I Like","Bruno Mars",174749,https://open.spotify.com/track/0KKkJNfGyhkQ5aFogxQAPU
174,"Your Song (My One and Only You)","Julie Anne San Jose",174261,https://open.spotify.com/track/5Seh4HfqT1mFnRJQswqz51
175,"Ipagpatawad Mo",Mayonnaise,173141,https://open.spotify.com/track/7IqUmDJ2GjaOqrzDCXhrV5
176,Breakeven,"The Script",172355,https://open.spotify.com/track/1a1i2IwXnUN0PjllVEhA4B
177,"Bad Liar","Imagine Dragons",172214,https://open.spotify.com/track/2RSHsoi04658QL5xgQVov3
178,"Foolish Heart",Nina,171656,https://open.spotify.com/track/0pzEVarX9S2ZFYZFhefZhU
179,"Empty Space","James Arthur",171440,https://open.spotify.com/track/1uru26I2JKd2mQZt0MDCUe
180,"Bleeding Love","Leona Lewis",170912,https://open.spotify.com/track/7wZUrN8oemZfsEd1CGkbXE
181,"Havana (feat. Young Thug)","Camila Cabello",169115,https://open.spotify.com/track/1rfofaqEpACxVEHIZBJe6W
182,"Maybe This Time - From ""Maybe This Time""","Sarah Geronimo",168691,https://open.spotify.com/track/0Dljpp52vCmtXi0E94qjfo
183,"Pretty Girl - Cheat Codes X CADE Remix","Maggie Lindemann",168560,https://open.spotify.com/track/1NDxZ7cFAo481dtYWdrUnR
184,"Young Dumb & Broke",Khalid,168541,https://open.spotify.com/track/5Z3GHaZ6ec9bsiI5BenrbY
185,Harana,"Parokya Ni Edgar",168160,https://open.spotify.com/track/3gyEt1vswIEbpQqBs18Lha
186,"Huwag Na Huwag Mong Sasabihin",SUD,168045,https://open.spotify.com/track/3yLKvQB94z3o2kiaGuqbTP
187,"Going Bad (feat. Drake)","Meek Mill",167934,https://open.spotify.com/track/2IRZnDFmlqMuOrYOLnZZyc
188,"Like I'm Gonna Lose You (feat. John Legend)","Meghan Trainor",166716,https://open.spotify.com/track/2YlZnw2ikdb837oKMKjBkW
189,"Woman Like Me (feat. Nicki Minaj)","Little Mix",166533,https://open.spotify.com/track/222B3aljXx6fFwKmFjuBED
190,"Maikee's Letters","Just Hush",166302,https://open.spotify.com/track/0aEX0skifH9CAc8HXxShqk
191,Prinsesa,6cyclemind,165957,https://open.spotify.com/track/2S80c51YXgJQhkhX603fMA
192,"Isang Araw","Kaye Cal",165452,https://open.spotify.com/track/4fxHK6mhA9vli9NjpBSbGi
193,Pa-umaga,"Al James",163905,https://open.spotify.com/track/3U8MbjNAP56IrzpbEFn1qN
194,"BBoom BBoom",MOMOLAND,163867,https://open.spotify.com/track/3BPoSr2pO34Aan6alFfVto
195,"Best In Me",Blue,163683,https://open.spotify.com/track/0t78xGJe3jXsih4qRMId7I
196,"Anxiety (with Selena Gomez)","Julia Michaels",163483,https://open.spotify.com/track/1XJ93XskwJf7PCyIVLbNBt
197,"I Want It That Way","Backstreet Boys",162889,https://open.spotify.com/track/47BBI51FKFwOMlIiX6m8ya
198,"Let Me",ZAYN,162012,https://open.spotify.com/track/0aVsVsOYDSEEigiwTrIab9
199,"What is Love?",TWICE,162000,https://open.spotify.com/track/5Ek40FyMPprcvtyZDjqylX
200,"One Last Time","Ariana Grande",161505,https://open.spotify.com/track/1CAksvEO6oRHd9bBKWAfuY
