,,,"Note that these figures are generated using a formula that protects against any artificial inflation of chart positions.",
Position,"Track Name",Artist,Streams,URL
1,"thank u, next","Ariana Grande",2095916,https://open.spotify.com/track/2rPE9A1vEgShuZxxzR2tZH
2,Buwan,"juan karlos",2075504,https://open.spotify.com/track/5f9808hpiCpuNyqqdXmpF2
3,"Kung 'Di Rin Lang Ikaw","December Avenue",1867808,https://open.spotify.com/track/2BgD4nRyx9EZ5o8YEnjRSV
4,Sana,"I Belong to the Zoo",1784778,https://open.spotify.com/track/1X4l4i472kW5ofFP8Xo0x0
5,"Malibu Nights",LANY,1573273,https://open.spotify.com/track/0Eqg0CQ7bK3RQIMPw1A7pl
6,"Sa Ngalan Ng Pag-Ibig","December Avenue",1482485,https://open.spotify.com/track/00mBzIWv5gHOYxwuEJXjOG
7,"Maybe The Night",Ben&Ben,1424819,https://open.spotify.com/track/1yDiru08Q6omDOGkZMPnei
8,"Kathang Isip",Ben&Ben,1315419,https://open.spotify.com/track/3WUEs51GpcvlgU7lehLgLh
9,"Love Someone","Lukas Graham",1272165,https://open.spotify.com/track/3id2EVGKc3eFAMn9nFnB0r
10,"Kahit Ayaw Mo Na","This Band",1086952,https://open.spotify.com/track/5V2AX2WTOHl2FKtftvisV6
11,Happier,Marshmello,1058427,https://open.spotify.com/track/2dpaYNEQHiRxtZbfNsse99
12,"Thru These Tears",LANY,1015008,https://open.spotify.com/track/7GbAp0HKPQW7WnFJAzMoRk
13,"Kiss and Make Up","Dua Lipa",964693,https://open.spotify.com/track/13hvHEstJ4sNbzdroPrPI3
14,Mundo,"IV Of Spades",949085,https://open.spotify.com/track/4u8RkgV6P4TLi89SmlUtv8
15,2002,Anne-Marie,941690,https://open.spotify.com/track/2BgEsaKNfHUdlh97KmvFyo
16,"Beautiful (feat. Camila Cabello)",Bazzi,923538,https://open.spotify.com/track/4VUwkH455At9kENOfzTqmF
17,"Girls Like You (feat. Cardi B)","Maroon 5",857402,https://open.spotify.com/track/7fa9MBXhVfQ8P8Df9OEbD8
18,Weak,"Khel Pangilinan",844048,https://open.spotify.com/track/06cUybZMETs4i3yQO1f7p3
19,"'Di Na Muli","Janine Teñoso",815764,https://open.spotify.com/track/3VQb0rq27GPX92X53Ni1Lc
20,Bulong,"December Avenue",781741,https://open.spotify.com/track/5nMKJJ5Rl6X1yn58aVeICO
21,"Taki Taki (with Selena Gomez, Ozuna & Cardi B)","DJ Snake",777754,https://open.spotify.com/track/4w8niZpiMy6qz1mntFA5uM
22,Ex,Callalily,761008,https://open.spotify.com/track/0GHwNr0lqf8jpc9wesmnHo
23,Better,Khalid,744664,https://open.spotify.com/track/6zeeWid2sgw4lap2jV61PZ
24,"I Don't Wanna Love You Anymore",LANY,735882,https://open.spotify.com/track/7ArrTJ1LwcGAlEO65LUQ7i
25,"Sunflower - Spider-Man: Into the Spider-Verse","Post Malone",735152,https://open.spotify.com/track/1A6OTy97kk0mMdm78rHsm8
26,SOLO,JENNIE,705730,https://open.spotify.com/track/2wVDWtLKXunswWecARNILj
27,"Without Me",Halsey,684984,https://open.spotify.com/track/5p7ujcrUXASCNwRaWNHR1C
28,"Eastside (with Halsey & Khalid)","benny blanco",669262,https://open.spotify.com/track/0d2iYfpKoM0QCKvcLCkBao
29,"8 Letters","Why Don't We",661607,https://open.spotify.com/track/4zRZAmBQP8vhNPf9i9opXt
30,IDGAF,"Dua Lipa",626383,https://open.spotify.com/track/76cy1WJvNGJTj78UqeA5zr
31,"Woman Like Me (feat. Nicki Minaj)","Little Mix",606917,https://open.spotify.com/track/222B3aljXx6fFwKmFjuBED
32,"You Are The Reason","Calum Scott",603126,https://open.spotify.com/track/69vToJ9BMbbLlFZo7k7A7B
33,"Thick And Thin",LANY,601004,https://open.spotify.com/track/3D110t9ctcoOoylXsc3iR8
34,Akala,Marion,600846,https://open.spotify.com/track/2Gh039ZAfydrM5IjiGlvEj
35,"Bohemian Rhapsody - Remastered 2011",Queen,596947,https://open.spotify.com/track/7tFiyTwD0nx5a1eklYtX2J
36,"This Feeling (feat. Kelsea Ballerini)","The Chainsmokers",582455,https://open.spotify.com/track/6LKYeyLt4G4SlZ6OJwFhVS
37,"Kahit Maputi Na Ang Buhok ko - From ""The Hows Of Us""","Moira Dela Torre",547303,https://open.spotify.com/track/7aW2GrNlteWTwQZxX6LNjT
38,"Midnight Sky","Unique Salonga",537781,https://open.spotify.com/track/5eFzCfsj3d0yWumdEldZwL
39,"Rewrite The Stars (with James Arthur & Anne-Marie)","James Arthur",523241,https://open.spotify.com/track/6mQLN3zRtAp6ovjusyYKrV
40,"The Middle",Zedd,517094,https://open.spotify.com/track/09IStsImFySgyp0pIQdqAc
41,"Waste It On Me (feat. BTS)","Steve Aoki",514322,https://open.spotify.com/track/2J0X46UkpfLlWbuCXFgDLr
42,"Oks Lang","John Roa",470559,https://open.spotify.com/track/2wTxJWt2gA9a1Z94dTnPiI
43,"Be Alright","Dean Lewis",467764,https://open.spotify.com/track/3EPXxR3ImUwfayaurPi3cm
44,Ours,Ben&Ben,467092,https://open.spotify.com/track/2Bb9MjP3gY9oaUXXJLFDVi
45,breathin,"Ariana Grande",434993,https://open.spotify.com/track/4OafepJy2teCjYJbvFE60J
46,Tagpuan,"Moira Dela Torre",416801,https://open.spotify.com/track/0ztDBQdQmdVZvorSmIjMih
47,"No Brainer","DJ Khaled",410782,https://open.spotify.com/track/5WvAo7DNuPRmk4APhdPzi8
48,Rise,"Jonas Blue",407502,https://open.spotify.com/track/3KLygy1YWhmrQx0GRs7IOx
49,"Freaky Friday (feat. Chris Brown)","Lil Dicky",390672,https://open.spotify.com/track/10Igtw8bSDyyFs7KIsKngZ
50,"Say You Won't Let Go","James Arthur",389166,https://open.spotify.com/track/5uCax9HTNlzGybIStD3vDh
51,Narcissist,"No Rome",375765,https://open.spotify.com/track/4Zft1h1zRfkBqlAo4qEPqp
52,"Ruin My Life","Zara Larsson",370738,https://open.spotify.com/track/5tAa8Uaqr4VvA3693mbIhU
53,"Kahit Di Mo Alam","December Avenue",368166,https://open.spotify.com/track/6GIzDc4xBUeYHwubWwTrhC
54,"Bakit Ba Ikaw","Michael Pangilinan",365829,https://open.spotify.com/track/0Vmk6Ebk4QBq7r0VAz2a6s
55,"Don't Leave Me Alone (feat. Anne-Marie)","David Guetta",344382,https://open.spotify.com/track/2zy9TMoZlYGuCNY4TLqG24
56,Tadhana,"Up Dharma Down",339949,https://open.spotify.com/track/6NFKf8vBApSvtzkapYmnVR
57,"Pasensya Ka Na","Silent Sanctuary",339006,https://open.spotify.com/track/0YyM8aEdbjGfLWPn6fdcn7
58,"I Like Me Better",Lauv,336761,https://open.spotify.com/track/2P91MQbaiQOfbiz9VqhqKQ
59,Hiling,"Mark Carpio",329668,https://open.spotify.com/track/6xQs6y6CpDqK9VKCktApEL
60,Leaves,Ben&Ben,326532,https://open.spotify.com/track/6wdCelHrPh7UfliNjwRTUv
61,"Close To Me (with Diplo) (feat. Swae Lee)","Ellie Goulding",319424,https://open.spotify.com/track/5JEx7HbmvHQQswJCsoo9rA
62,"come out and play","Billie Eilish",318927,https://open.spotify.com/track/7wC5eZcFS1Q1BsQ35DU6H4
63,"Too Good At Goodbyes","Sam Smith",316558,https://open.spotify.com/track/1mXVgsBdtIVeCLJnSnmtdV
64,"Kung Wala Ka",Hale,309358,https://open.spotify.com/track/4JSDhJVmo2UqdF7nxbyenn
65,"Bad Liar","Imagine Dragons",307539,https://open.spotify.com/track/2RSHsoi04658QL5xgQVov3
66,"YES or YES",TWICE,306109,https://open.spotify.com/track/184XtKkzoAl83quIarUAJP
67,"Best Part (feat. Daniel Caesar)",H.E.R.,305773,https://open.spotify.com/track/4OBZT9EnhYIV17t4pGw7ig
68,"These Days (feat. Jess Glynne, Macklemore & Dan Caplen)",Rudimental,305243,https://open.spotify.com/track/5CLGzJsGqhCEECcpnFQA8x
69,"SICKO MODE","Travis Scott",304248,https://open.spotify.com/track/2xLMifQCjDGFmkHkpNLD9h
70,Sila,SUD,298144,https://open.spotify.com/track/2IMODbij0lZ5CuAjZi0IDE
71,"Somebody To Love - Remastered 2011",Queen,292974,https://open.spotify.com/track/6cFZ4PLC19taNlpl9pbGMf
72,"Happy Now",Kygo,286573,https://open.spotify.com/track/14sOS5L36385FJ3OL8hew4
73,"Empty Space","James Arthur",285651,https://open.spotify.com/track/1uru26I2JKd2mQZt0MDCUe
74,"Hindi Na Nga","This Band",283592,https://open.spotify.com/track/50hVyhZM4nvizfrQe38F3l
75,"Sweet but Psycho","Ava Max",278772,https://open.spotify.com/track/25sgk305KZfyuqVBQIahim
76,"Another One Bites The Dust - Remastered 2011",Queen,273550,https://open.spotify.com/track/5vdp5UmvTsnMEMESIF2Ym7
77,"no tears left to cry","Ariana Grande",268830,https://open.spotify.com/track/2qT1uLXPVPzGgFOx4jtEuo
78,"Hanggang Kailan - Umuwi Ka Na Baby","Orange & Lemons",267052,https://open.spotify.com/track/5UhpceEr5XmbVwyoIUIRnh
79,"Rewrite The Stars","Zac Efron",265441,https://open.spotify.com/track/630sXRhIcfwr2e4RdNtjKN
80,"Love Of My Life - Remastered 2011",Queen,264673,https://open.spotify.com/track/4YJUTdZ0Pgl0ZeNyHYXeLd
81,Magbalik,Callalily,263928,https://open.spotify.com/track/5zMR44ZH4KVZj4FlhTj3SE
82,"Super Far",LANY,263235,https://open.spotify.com/track/15ahYSiHAIMxAnujlXVtta
83,"Di Makatulog",SUD,262446,https://open.spotify.com/track/2ZiNCGDMapQzMtnPRVOKZI
84,"There's No Way (feat. Julia Michaels)",Lauv,262433,https://open.spotify.com/track/2hnxrRNzF74mdDzpQZQukQ
85,Perfect,"Ed Sheeran",260778,https://open.spotify.com/track/0tgVpDi06FyKpA1z0VMD4v
86,"With a Smile","South Border",257312,https://open.spotify.com/track/6XmskR1cMfgys1W7dExmgi
87,Migraine,Moonstar88,254774,https://open.spotify.com/track/7sW3f7PqDV7BQ7qqeVBJIA
88,Photograph,"Ed Sheeran",253080,https://open.spotify.com/track/6fxVffaTuwjgEk5h9QyRjy
89,"DDU-DU DDU-DU - KR Ver.",BLACKPINK,250884,https://open.spotify.com/track/2CWnuF7ht55Ajyeg4WPvWu
90,POP/STARS,K/DA,250154,https://open.spotify.com/track/5sbooPcNgIE22DwO0VNGUJ
91,ILYSB,LANY,248245,https://open.spotify.com/track/2btKtacOXuMtC9WjcNRvAA
92,"So Sick",Ne-Yo,244180,https://open.spotify.com/track/6brl7bwOHmGFkNw3MBqssT
93,"Under Pressure - Remastered",Queen,241555,https://open.spotify.com/track/2fuCquhmrzHpu5xcA1ci9x
94,"Take A Bow - Main",Rihanna,237863,https://open.spotify.com/track/39afswHs17v53znQm1gDTY
95,Happier,"Ed Sheeran",236454,https://open.spotify.com/track/2RttW7RAu5nOAfq6YFvApB
96,Closer,"The Chainsmokers",235226,https://open.spotify.com/track/7BKLCZ1jbUBVqRi2FVlTVw
97,"Tell Me Where It Hurts",MYMP,231777,https://open.spotify.com/track/6C2nrsOlb3jOUGcJAmPrTA
98,"when the party's over","Billie Eilish",231368,https://open.spotify.com/track/14JzyD6FlBD5z0wV5P07YI
99,"In My Feelings",Drake,228610,https://open.spotify.com/track/2G7V7zsVDxg1yRsu7Ew9RJ
100,"New Rules","Dua Lipa",228513,https://open.spotify.com/track/2xJCMIJfcNYDc5iR0sAm2O
101,"Ang Huling El Bimbo",Eraserheads,228437,https://open.spotify.com/track/135ggzbjOogZ75IQ0LQi8r
102,"Beach House","The Chainsmokers",226587,https://open.spotify.com/track/0N8MGHEDAq29ip7RrlrTeN
103,13,LANY,225293,https://open.spotify.com/track/0WOvSEVpUGkNufX0w0M06F
104,"The Day You Said Goodnight - Acoustic Version",Hale,223538,https://open.spotify.com/track/6CHpr3pY2MbJ5y1076UDnI
105,"Let You Love Me","Rita Ora",223491,https://open.spotify.com/track/5Fla3zyOCcIRqrDoKLU0DP
106,"Wake Up in the Sky","Gucci Mane",223065,https://open.spotify.com/track/0QIjsbm2fh1cJ45XO9eGqq
107,"What Lovers Do","Maroon 5",222250,https://open.spotify.com/track/0WdGQhoAP2LBsqr5Jhit2g
108,"Arms Around You (feat. Maluma & Swae Lee)",XXXTENTACION,220457,https://open.spotify.com/track/2LskIZrCeLxRvCiGP8gxlh
109,Shallow,"Lady Gaga",218088,https://open.spotify.com/track/2VxeLyX666F8uXCJ0dZF8B
110,"God is a woman","Ariana Grande",216166,https://open.spotify.com/track/5OCJzvD7sykQEKHH7qAC3C
111,"All I Want for Christmas Is You","Mariah Carey",215153,https://open.spotify.com/track/0bYg9bo50gSsH3LtXe2SQn
112,"Better Now","Post Malone",213841,https://open.spotify.com/track/7dt6x5M1jzdTEt8oCbisTK
113,"Don't Stop Me Now - Remastered",Queen,213735,https://open.spotify.com/track/5T8EDUDqKcs6OSOwEsfqG7
114,"Kung Akin Ang Mundo","Erik Santos",213109,https://open.spotify.com/track/0W2kzUI1K0tT0RpggJZ4Js
115,Someday,Nina,212287,https://open.spotify.com/track/1MkiRsYBkXbXvdiYvTTiQT
116,"Lucid Dreams","Juice WRLD",212283,https://open.spotify.com/track/0s3nnoMeVWz3989MkNQiRf
117,Iris,"The Goo Goo Dolls",209573,https://open.spotify.com/track/6Qyc6fS4DsZjB2mRW9DsQs
118,"She Will Be Loved - Radio Mix","Maroon 5",206900,https://open.spotify.com/track/4llK75pXNWZz6KAho2Gp16
119,"Dying Inside To Hold You - From "" All Of You"" Official Soundtrack","Darren Espanto",205958,https://open.spotify.com/track/7xty20N3DMTVOVtDIS2Jov
120,"Balang Araw","I Belong to the Zoo",204759,https://open.spotify.com/track/5NXdUJ3Z2jhlp2u1cj6f7m
121,Sa'yo,"Silent Sanctuary",201524,https://open.spotify.com/track/29xs643Q96uQLD8f7SxYYw
122,"Happy Now",Zedd,201177,https://open.spotify.com/track/4keoy2fqgwGnbWlm3ZVZFa
123,Breakeven,"The Script",200932,https://open.spotify.com/track/1a1i2IwXnUN0PjllVEhA4B
124,Tagu-Taguan,"Moira Dela Torre",200403,https://open.spotify.com/track/2iOnWSWcChoGmUufbrQ00e
125,"Maybe This Time - From ""Maybe This Time""","Sarah Geronimo",198717,https://open.spotify.com/track/0Dljpp52vCmtXi0E94qjfo
126,"ILYSB - STRIPPED",LANY,198097,https://open.spotify.com/track/3Dkvp3L4w0uJFYfIPa8E9H
127,"Eroplanong Papel","December Avenue",196803,https://open.spotify.com/track/0dJPIIlTmVM0lambbFgAYq
128,"We Will Rock You - Remastered",Queen,195426,https://open.spotify.com/track/4pbJqGIASGPr0ZpGpnWkDn
129,Nadarang,"Shanti Dope",195268,https://open.spotify.com/track/6LJ1p1h5EcMK4VPeCLDSoF
130,"Meant to Be (feat. Florida Georgia Line)","Bebe Rexha",195197,https://open.spotify.com/track/4e4fqjx0Izh4svvTef1z7e
131,Someday,"Leanne & Naara",194452,https://open.spotify.com/track/6sl4KzZ9PRb8xTzjYIrHAP
132,"I'm Yours","Jason Mraz",192321,https://open.spotify.com/track/3S0OXQeoh0w6AY8WQVckRW
133,Sandali,Because,191054,https://open.spotify.com/track/1emnGTAsF4zSaWidgvK08I
134,"Huling Sayaw - Acoustic",Kamikazee,188673,https://open.spotify.com/track/4UgtdWy4dm7vMVIupUbtMm
135,"If You See Her",LANY,188389,https://open.spotify.com/track/3coUcc0CDAHz2QwdP7Pee8
136,"Hanggang Kailan","Michael Pangilinan",186712,https://open.spotify.com/track/01YEqVPCm0vqRLA9w43bic
137,"Havana (feat. Young Thug)","Camila Cabello",186132,https://open.spotify.com/track/1rfofaqEpACxVEHIZBJe6W
138,"This I Promise You",*NSYNC,185632,https://open.spotify.com/track/2Dp2LRrY71XIfLe3co2Qnh
139,"Malaya (Camp Sawi Original Motion Picture Soundtrack)","Moira Dela Torre",183646,https://open.spotify.com/track/6M21eWbEw74XDdoQsNIinq
140,"Back To You - From 13 Reasons Why – Season 2 Soundtrack","Selena Gomez",182826,https://open.spotify.com/track/4hQ6UGyWQIGJmHSo0J88JW
141,"La Vie en Rose",IZ*ONE,182112,https://open.spotify.com/track/1fRaznZsAB2i63TtmYv2Hc
142,"As If It's Your Last",BLACKPINK,181799,https://open.spotify.com/track/1Zyd6zQnC6XIIzmg3hP7Ot
143,"Psycho (feat. Ty Dolla $ign)","Post Malone",181691,https://open.spotify.com/track/3swc6WTsr7rl9DqQKQA55C
144,BAAM,MOMOLAND,181543,https://open.spotify.com/track/4Is1b37KJY9XVCgzp81FBW
145,"I Want It That Way","Backstreet Boys",181362,https://open.spotify.com/track/47BBI51FKFwOMlIiX6m8ya
146,Unan,Because,181140,https://open.spotify.com/track/6aqH1me0AcXPwJEAflvNoT
147,"Young Dumb & Broke",Khalid,179927,https://open.spotify.com/track/5Z3GHaZ6ec9bsiI5BenrbY
148,"One and Only","Parokya Ni Edgar",179823,https://open.spotify.com/track/3OpGUlDmRUXh0NkIYWoIlD
149,"Nothing's Gonna Stop Us Now - From ""Crazy Beautiful You""",Morissette,179606,https://open.spotify.com/track/1qoXYfWILyuN0EatImGlma
150,"Just the Way You Are","Bruno Mars",179453,https://open.spotify.com/track/7BqBn9nzAq8spo5e7cZ0dJ
151,"Don't Know What To Do (Don't Know What To Say)","Mark Carpio",179248,https://open.spotify.com/track/1ER60P43ftVOLaMRvBfpnt
152,"The Scientist",Coldplay,179189,https://open.spotify.com/track/75JFxkI2RXiU7L9VXzMkle
153,"Huwag Na Huwag Mong Sasabihin",SUD,179092,https://open.spotify.com/track/3yLKvQB94z3o2kiaGuqbTP
154,Stickwitu,"The Pussycat Dolls",179074,https://open.spotify.com/track/4NjR63Up0uMkQBlKvlZd1l
155,Harana,"Parokya Ni Edgar",178823,https://open.spotify.com/track/3gyEt1vswIEbpQqBs18Lha
156,"Why Can't It Be","Kaye Cal",178802,https://open.spotify.com/track/0zFYa7NIpKhmom8zrZx7Ga
157,Sino,"Unique Salonga",177797,https://open.spotify.com/track/637uCaC8im9B7Pe2O2Z53w
158,"Capital Letters","Hailee Steinfeld",174723,https://open.spotify.com/track/2bllegdYt2WoYdbRZyJ730
159,"A Thousand Years","Christina Perri",174165,https://open.spotify.com/track/6lanRgr6wXibZr8KgzXxBl
160,Starving,"Hailee Steinfeld",174087,https://open.spotify.com/track/6875MeXyCW0wLyT72Eetmo
161,"Valentine's Day",LANY,173282,https://open.spotify.com/track/2juRA8DhQePry4eb2LMUMM
162,"Only Want You","Rita Ora",173101,https://open.spotify.com/track/2CTN6UuO2dNEVZXR0DJVk2
163,"That's What I Like","Bruno Mars",172800,https://open.spotify.com/track/0KKkJNfGyhkQ5aFogxQAPU
164,"Electricity (with Dua Lipa)","Silk City",171865,https://open.spotify.com/track/5N4erncE7kuUccm7zEmwzk
165,FRIENDS,Marshmello,171356,https://open.spotify.com/track/08bNPGLD8AhKpnnERrAc6G
166,"Shape of You","Ed Sheeran",169592,https://open.spotify.com/track/7qiZfU4dY1lWllzX7mPBI3
167,"Taking Me Back",LANY,169111,https://open.spotify.com/track/6A9mMKHYdeUJGvQDKChC0C
168,"Can’t Help Falling in Love","Kina Grannis",168666,https://open.spotify.com/track/7uuEfUMuPeQ7RlSWa0cES2
169,Lucky,"Jason Mraz",167448,https://open.spotify.com/track/2qLMf6TuEC3ruGJg4SMMN6
170,"Killer Queen - Remastered 2011",Queen,166275,https://open.spotify.com/track/7GqWnsKhMtEW0nzki5o0d8
171,"The Day You Said Goodnight",Hale,166023,https://open.spotify.com/track/0HZ3OUVrGHxttD2EuHqRm3
172,Youngblood,"5 Seconds of Summer",164808,https://open.spotify.com/track/2iUXsYOEPhVqEBwsqP70rE
173,"Love You Anymore","Michael Bublé",164096,https://open.spotify.com/track/7JEUg9KqmpdIE5Nbb9ss66
174,Mine,Bazzi,164066,https://open.spotify.com/track/7uzmGiiJyRfuViKKK3lVmR
175,"Treat You Better","Shawn Mendes",162722,https://open.spotify.com/track/3QGsuHI8jO1Rx4JWLUh9jd
176,"'Di Na Muli",Itchyworms,162291,https://open.spotify.com/track/0rkML0CSX3wteVwUh5cspv
177,"Let Me Go (with Alesso, Florida Georgia Line & watt)","Hailee Steinfeld",162147,https://open.spotify.com/track/5Gu0PDLN4YJeW75PpBSg9p
178,"MIA (feat. Drake)","Bad Bunny",160822,https://open.spotify.com/track/116H0KvKr2Zl4RPuVBruDO
179,"Let Me Know",LANY,160610,https://open.spotify.com/track/7DMPq3XndRJaj6NTINsLOz
180,comethru,"Jeremy Zucker",160366,https://open.spotify.com/track/6fFTPGGItuEpjwXRUIr4rk
181,"Perfect To Me",Anne-Marie,160194,https://open.spotify.com/track/0DC7Zs2qvAbNK1owWQ4mlL
182,Rainbow,"South Border",159855,https://open.spotify.com/track/3VcVQmMivq2ISfKUmIuvMK
183,"Like I'm Gonna Lose You (feat. John Legend)","Meghan Trainor",159618,https://open.spotify.com/track/2YlZnw2ikdb837oKMKjBkW
184,"Before I Let You Go",Freestyle,159594,https://open.spotify.com/track/1VvFtp71ibaXiHxurBlXuw
185,Hericane,LANY,159081,https://open.spotify.com/track/4bU5xCQQiURmotfz9ohUNo
186,"Santa Tell Me","Ariana Grande",158798,https://open.spotify.com/track/0lizgQ7Qw35od7CYaoMBZb
187,"FOREVER YOUNG - KR Ver.",BLACKPINK,158700,https://open.spotify.com/track/57Enap29zKl7NGRdDJjkjA
188,"Two Less Lonely People in the World (Official Movie Theme Song Of ""Kita Kita"")","KZ Tandingan",158451,https://open.spotify.com/track/46ixegtxjERQMCutmp09Sa
189,"BBoom BBoom",MOMOLAND,158441,https://open.spotify.com/track/3BPoSr2pO34Aan6alFfVto
190,"Little Do You Know","Alex & Sierra",157728,https://open.spotify.com/track/1almCHdsfikRPfVB9VrEdT
191,"Out of My League","Stephen Speaks",157663,https://open.spotify.com/track/2PkQeKapTNUjwpKLf8aJlq
192,Prinsesa,6cyclemind,157300,https://open.spotify.com/track/2S80c51YXgJQhkhX603fMA
193,"I'll Never Go","Erik Santos",156131,https://open.spotify.com/track/57kqyESt7sfljPxFohKPR4
194,Sundo,Imago,155259,https://open.spotify.com/track/2OqQDFY4MgzkAoAZ67CscA
195,"Bleeding Love","Leona Lewis",154953,https://open.spotify.com/track/7wZUrN8oemZfsEd1CGkbXE
196,"Versace on the Floor","Bruno Mars",154245,https://open.spotify.com/track/0kN8xEmgMW9mh7UmDYHlJP
197,"Shape of My Heart","Backstreet Boys",153151,https://open.spotify.com/track/35o9a4iAfLl5jRmqMX9c1D
198,"You And Me",Lifehouse,152565,https://open.spotify.com/track/0815caqt2Lytro5EIzMufT
199,"Radio Ga Ga - Live Aid",Queen,152477,https://open.spotify.com/track/0YwBZKT8JE4U5TwmYE9BV9
200,Tempo,EXO,151849,https://open.spotify.com/track/4EjUFjzi4ErWjklOA3Aslu
