,,,"Note that these figures are generated using a formula that protects against any artificial inflation of chart positions.",
Position,"Track Name",Artist,Streams,URL
1,Señorita,"Shawn Mendes",2658872,https://open.spotify.com/track/0TK2YIli7K1leLovkQiNik
2,"I Don't Care (with Justin Bieber)","Ed Sheeran",1692221,https://open.spotify.com/track/3HVWdVOQ0ZA45FuZGSfvns
3,"Beautiful People (feat. Khalid)","Ed Sheeran",1434582,https://open.spotify.com/track/4evmHXcjt3bTUHD1cvny97
4,Sana,"I Belong to the Zoo",1217014,https://open.spotify.com/track/1X4l4i472kW5ofFP8Xo0x0
5,comethru,"Jeremy Zucker",1214075,https://open.spotify.com/track/18uwL0vNUanqZH0ro2QcOP
6,"A Whole New World (End Title) - From ""Aladdin""",ZAYN,1159434,https://open.spotify.com/track/1iWHabUgUuuKLBa0TzTHfk
7,"Sa Susunod Na Lang",PDL,1157786,https://open.spotify.com/track/34ob61cxp34Sf7KHK6RnSU
8,"Bagay Tayo",ALLMO$T,1022316,https://open.spotify.com/track/2mwd0LWLBgtQBEOLG96nbU
9,"Hindi Na Nga","This Band",1000845,https://open.spotify.com/track/2RgD3eO4IIGF16rR8Ch8OV
10,"Never Really Over","Katy Perry",999389,https://open.spotify.com/track/5PYQUBXc7NYeI1obMKSJK0
11,"Old Town Road - Remix","Lil Nas X",983073,https://open.spotify.com/track/6u7jPi22kF8CTQ3rb9DHE7
12,Dahan,"December Avenue",960470,https://open.spotify.com/track/6BxJLJw228OY5BFerPGl7z
13,"Sunflower - Spider-Man: Into the Spider-Verse","Post Malone",929160,https://open.spotify.com/track/3KkXRkHbMCARz0aVfEt68P
14,"Kill This Love",BLACKPINK,904915,https://open.spotify.com/track/4pUCKHjJ4Ijewc37rRrvHn
15,"You Need To Calm Down","Taylor Swift",875473,https://open.spotify.com/track/29fRTIKsJhLUJoldM89GZS
16,"'Di Na Babalik","This Band",871715,https://open.spotify.com/track/7hoP5NDUXEbmOawvEAsi8h
17,Talk,Khalid,867035,https://open.spotify.com/track/6TqXcAFInzjp0bODyvrWEq
18,"Nobody Knows",Russ,866052,https://open.spotify.com/track/1pNAf6W7POwjOD8x8mWf8G
19,"Huling Sandali (Tayo Sa Huling Buwan Ng Taon Official Soundtrack)","December Avenue",865586,https://open.spotify.com/track/24ngpWhBOxKJtIPnzSNX8c
20,"Maybe The Night",Ben&Ben,862585,https://open.spotify.com/track/1yDiru08Q6omDOGkZMPnei
21,"ME! (feat. Brendon Urie of Panic! At The Disco)","Taylor Swift",837920,https://open.spotify.com/track/4MsUsFfWseB9M2plGJyuIw
22,"If I Can't Have You","Shawn Mendes",836349,https://open.spotify.com/track/6LsAAHotRLMOHfCsSfYCsz
23,"Kung 'Di Rin Lang Ikaw","December Avenue",823900,https://open.spotify.com/track/2BgD4nRyx9EZ5o8YEnjRSV
24,"Kahit Ayaw Mo Na","This Band",814693,https://open.spotify.com/track/58grXgbCj7t5ulr0TGLIr9
25,"Call You Mine (with Bebe Rexha)","The Chainsmokers",778628,https://open.spotify.com/track/05CwHjIk71RXVU40boRMnR
26,"Patawad, Paalam","Moira Dela Torre",768846,https://open.spotify.com/track/14BG5B1EJSCyNpZt096xXc
27,Bulong,"December Avenue",744882,https://open.spotify.com/track/5nMKJJ5Rl6X1yn58aVeICO
28,Wrong,"Luh Kel",715180,https://open.spotify.com/track/3EludUFeAoJAwSixWGG5Wg
29,"Goodbyes (Feat. Young Thug)","Post Malone",714174,https://open.spotify.com/track/6vBdBCoOhKHiYDDOcorfNo
30,"Missin You Crazy",Russ,700252,https://open.spotify.com/track/4ve2uzqdwnHr20G5YgMMqr
31,"Pauwi Nako",PDL,697360,https://open.spotify.com/track/2tzAN1L07SNwnOdgOEeuQr
32,"Kathang Isip",Ben&Ben,671893,https://open.spotify.com/track/3WUEs51GpcvlgU7lehLgLh
33,Pagtingin,Ben&Ben,649886,https://open.spotify.com/track/5l9g7py8RCblcvbZgGQgSd
34,"Best Part (feat. Daniel Caesar)",H.E.R.,647335,https://open.spotify.com/track/4OBZT9EnhYIV17t4pGw7ig
35,Sanctuary,Joji,647035,https://open.spotify.com/track/3xaugmCyXrVkrDTXbFkMW3
36,"Malibu Nights",LANY,644834,https://open.spotify.com/track/0Eqg0CQ7bK3RQIMPw1A7pl
37,"Balang Araw","I Belong to the Zoo",631945,https://open.spotify.com/track/5NXdUJ3Z2jhlp2u1cj6f7m
38,"i'm so tired...",Lauv,628266,https://open.spotify.com/track/7COXchtUOMd6uIT6HvmRaI
39,"Love Someone","Lukas Graham",626697,https://open.spotify.com/track/3id2EVGKc3eFAMn9nFnB0r
40,Dalaga,ALLMO$T,602577,https://open.spotify.com/track/3PLARiBoxCpJFUMZhvV63x
41,"Filipina Girl","Billy Crawford",594785,https://open.spotify.com/track/7iNMzfw2couNdTNXMYG2IR
42,"Boy With Luv (feat. Halsey)",BTS,587611,https://open.spotify.com/track/5KawlOMHjWeUjQtnuRs22c
43,"Without Me",Halsey,562386,https://open.spotify.com/track/5p7ujcrUXASCNwRaWNHR1C
44,"Dancing With A Stranger (with Normani)","Sam Smith",561965,https://open.spotify.com/track/6Qs4SXO9dwPj5GKvVOv8Ki
45,"bad guy","Billie Eilish",552865,https://open.spotify.com/track/2Fxmhks0bxGSBdJ92vM42m
46,"Best Part of Me (feat. YEBBA)","Ed Sheeran",551436,https://open.spotify.com/track/5ug4vqGZ3eisGhY1IsziNX
47,Paradise,Bazzi,541263,https://open.spotify.com/track/7njKgVl3AnLflRad38o7AG
48,Nobela,"Join The Club",535230,https://open.spotify.com/track/3vGkyQlCw8LklNip0ZUELC
49,"Sad Forever",Lauv,506703,https://open.spotify.com/track/4a5zacCsHLtMC2mcxkqWwn
50,"Sa Ngalan Ng Pag-Ibig","December Avenue",506524,https://open.spotify.com/track/00mBzIWv5gHOYxwuEJXjOG
51,"I Like Me Better",Lauv,463220,https://open.spotify.com/track/2P91MQbaiQOfbiz9VqhqKQ
52,Buwan,"juan karlos",455769,https://open.spotify.com/track/5f9808hpiCpuNyqqdXmpF2
53,"Civil War",Russ,424469,https://open.spotify.com/track/5tmu5pAFHkUSl8Fo8ncyA4
54,2002,Anne-Marie,419501,https://open.spotify.com/track/2BgEsaKNfHUdlh97KmvFyo
55,"Heartbeat (BTS World Original Soundtrack)",BTS,418322,https://open.spotify.com/track/5EgYDyMDCi8X0zDydTF7Rb
56,"Here With Me",Marshmello,417932,https://open.spotify.com/track/5icOoE6VgqFKohjWWNp0Ac
57,"Say You Won't Let Go","James Arthur",376877,https://open.spotify.com/track/5uCax9HTNlzGybIStD3vDh
58,Mundo,"IV Of Spades",367693,https://open.spotify.com/track/4u8RkgV6P4TLi89SmlUtv8
59,"thank u, next","Ariana Grande",350761,https://open.spotify.com/track/3e9HZxeyfWwjeyPAMmWSSQ
60,"Could I Love You Any More (feat. Jason Mraz)","Reneé Dominique",350282,https://open.spotify.com/track/6TbDpqKCksZNJjriFhPum8
61,"One Thing Right - feat. Kane Brown",Marshmello,342618,https://open.spotify.com/track/4hPpVbbakQNv8YTHYaOJP4
62,"Post Malone (feat. RANI)","Sam Feldt",341862,https://open.spotify.com/track/0qc4QlcCxVTGyShurEv1UU
63,FANCY,TWICE,341831,https://open.spotify.com/track/2FXd6kKCtBIc6UfN1gH1pA
64,Panini,"Lil Nas X",340540,https://open.spotify.com/track/6fTt0CH2t0mdeB2N9XFG5r
65,"Kahit Di Mo Alam","December Avenue",333333,https://open.spotify.com/track/6GIzDc4xBUeYHwubWwTrhC
66,okay,LANY,330477,https://open.spotify.com/track/1a0Mg4XPdt4EKsUz5beRZY
67,"Bakit Ba Ikaw","Michael Pangilinan",325636,https://open.spotify.com/track/0Vmk6Ebk4QBq7r0VAz2a6s
68,"Beautiful (feat. Camila Cabello)",Bazzi,315385,https://open.spotify.com/track/4VUwkH455At9kENOfzTqmF
69,Tadhana,"Up Dharma Down",312037,https://open.spotify.com/track/6NFKf8vBApSvtzkapYmnVR
70,"Don't Check On Me (feat. Justin Bieber & Ink)","Chris Brown",311643,https://open.spotify.com/track/7ILEWkpfdK6AjH2D7jppWk
71,"Tagpuan - Duet Version","Moira Dela Torre",310701,https://open.spotify.com/track/1bBDyj7kZdMOAMX3czsWFg
72,"Kung Wala Ka",Hale,308208,https://open.spotify.com/track/4JSDhJVmo2UqdF7nxbyenn
73,"Too Good At Goodbyes","Sam Smith",303598,https://open.spotify.com/track/1mXVgsBdtIVeCLJnSnmtdV
74,Happier,Marshmello,303573,https://open.spotify.com/track/2dpaYNEQHiRxtZbfNsse99
75,"'Di Na Muli","Janine Teñoso",303456,https://open.spotify.com/track/6p6DiqAPwMX7vdrSo30wgo
76,Sucker,"Jonas Brothers",300495,https://open.spotify.com/track/22vgEDb5hykfaTwLuskFGD
77,Easier,"5 Seconds of Summer",299473,https://open.spotify.com/track/4tNXntkAzQ5A2dfYRYGIIQ
78,"Find U Again (feat. Camila Cabello)","Mark Ronson",296070,https://open.spotify.com/track/5Uw7Dut2lZfexn3Y09swpf
79,"Girls Like You (feat. Cardi B)","Maroon 5",295030,https://open.spotify.com/track/7fa9MBXhVfQ8P8Df9OEbD8
80,Tagpuan,"Moira Dela Torre",286233,https://open.spotify.com/track/0ztDBQdQmdVZvorSmIjMih
81,"Hanggang Kailan - Umuwi Ka Na Baby","Orange & Lemons",284839,https://open.spotify.com/track/5UhpceEr5XmbVwyoIUIRnh
82,"You Are The Reason","Calum Scott",284838,https://open.spotify.com/track/69vToJ9BMbbLlFZo7k7A7B
83,"Pasensya Ka Na","Silent Sanctuary",284605,https://open.spotify.com/track/0YyM8aEdbjGfLWPn6fdcn7
84,"On A Roll","Ashley O",276374,https://open.spotify.com/track/56JyMaElW79S7TDWh1Zw1m
85,"Someone You Loved","Lewis Capaldi",274751,https://open.spotify.com/track/7qEHsqek33rTcFNT9PFqLf
86,"7 rings","Ariana Grande",269985,https://open.spotify.com/track/6ocbgoVGwYJhOv1GgI9NsF
87,Weak,"Khel Pangilinan",265317,https://open.spotify.com/track/06cUybZMETs4i3yQO1f7p3
88,Migraine,Moonstar88,261465,https://open.spotify.com/track/7sW3f7PqDV7BQ7qqeVBJIA
89,IDGAF,"Dua Lipa",258560,https://open.spotify.com/track/76cy1WJvNGJTj78UqeA5zr
90,"Shape of My Heart","Backstreet Boys",258438,https://open.spotify.com/track/35o9a4iAfLl5jRmqMX9c1D
91,"Truth Hurts",Lizzo,257821,https://open.spotify.com/track/5qmq61DAAOUaW8AUo8xKhh
92,Magbalik,Callalily,255559,https://open.spotify.com/track/5zMR44ZH4KVZj4FlhTj3SE
93,"Only Human","Jonas Brothers",255284,https://open.spotify.com/track/0DiDStADDVh3SvAsoJAFMk
94,"Ang Huling El Bimbo",Eraserheads,253719,https://open.spotify.com/track/135ggzbjOogZ75IQ0LQi8r
95,Stickwitu,"The Pussycat Dolls",251382,https://open.spotify.com/track/4NjR63Up0uMkQBlKvlZd1l
96,Perfect,"Ed Sheeran",249822,https://open.spotify.com/track/0tgVpDi06FyKpA1z0VMD4v
97,"I'm Yours","Jason Mraz",249199,https://open.spotify.com/track/3S0OXQeoh0w6AY8WQVckRW
98,"The Day You Said Goodnight",Hale,246975,https://open.spotify.com/track/0HZ3OUVrGHxttD2EuHqRm3
99,"Eastside (with Halsey & Khalid)","benny blanco",246396,https://open.spotify.com/track/7FGq80cy8juXBCD2nrqdWU
100,Lucky,"Jason Mraz",245287,https://open.spotify.com/track/2qLMf6TuEC3ruGJg4SMMN6
101,"Thru These Tears",LANY,244636,https://open.spotify.com/track/7GbAp0HKPQW7WnFJAzMoRk
102,"Don't Know What To Do",BLACKPINK,243352,https://open.spotify.com/track/1TaQciB8qqRZ9fxWGhS65X
103,"Sweet but Psycho","Ava Max",243234,https://open.spotify.com/track/25sgk305KZfyuqVBQIahim
104,Lights,BTS,241079,https://open.spotify.com/track/44vXWYTcdrejrIQZEoHzl8
105,"DDU-DU DDU-DU",BLACKPINK,241029,https://open.spotify.com/track/2aI2k39nfa3KFsa4JclQzw
106,"Tell Me Where It Hurts",MYMP,238184,https://open.spotify.com/track/6C2nrsOlb3jOUGcJAmPrTA
107,"Oks Lang","John Roa",236117,https://open.spotify.com/track/6YEO7K4hwGKh7BmNxMMvkc
108,"Lost In Japan","Shawn Mendes",234833,https://open.spotify.com/track/79esEXlqqmq0GPz0xQSZTV
109,Leaves,Ben&Ben,234765,https://open.spotify.com/track/6wdCelHrPh7UfliNjwRTUv
110,"Ikaw At Ako","Moira Dela Torre",233373,https://open.spotify.com/track/0gDRtumoR9ZrvAlnniToMz
111,Shallow,"Lady Gaga",230304,https://open.spotify.com/track/2VxeLyX666F8uXCJ0dZF8B
112,"It's You","Ali Gatie",230195,https://open.spotify.com/track/6moU77g9RQyMzHNuKEaQKq
113,"The Middle",Zedd,230172,https://open.spotify.com/track/09IStsImFySgyp0pIQdqAc
114,"This I Promise You",*NSYNC,228371,https://open.spotify.com/track/46n2EGFnPC3tzWCN1Aqe26
115,"Higher Love",Kygo,227782,https://open.spotify.com/track/6oJ6le65B3SEqPwMRNXWjY
116,Amatz,"Shanti Dope",227598,https://open.spotify.com/track/59aZ0ioyVrmtdut1KfU5aT
117,"Urong Sulong","Alisson Shore",226664,https://open.spotify.com/track/2KoWHNtJrbE0WxWfQjYjyu
118,"As If It's Your Last",BLACKPINK,226348,https://open.spotify.com/track/1Zyd6zQnC6XIIzmg3hP7Ot
119,"A Whole New World - From ""Aladdin""","Darren Espanto",223980,https://open.spotify.com/track/3tWw8jEXsPeZh7zZoidKuh
120,"Close To Me (with Diplo) (feat. Swae Lee)","Ellie Goulding",222615,https://open.spotify.com/track/5JEx7HbmvHQQswJCsoo9rA
121,Happier,"Ed Sheeran",222521,https://open.spotify.com/track/2RttW7RAu5nOAfq6YFvApB
122,Better,Khalid,221434,https://open.spotify.com/track/6zeeWid2sgw4lap2jV61PZ
123,Ex,Callalily,220615,https://open.spotify.com/track/0GHwNr0lqf8jpc9wesmnHo
124,"She Will Be Loved - Radio Mix","Maroon 5",219410,https://open.spotify.com/track/4llK75pXNWZz6KAho2Gp16
125,Happiness,"Rex Orange County",219369,https://open.spotify.com/track/2rXVtoLBHuXcNB5DVfIc9p
126,Photograph,"Ed Sheeran",218812,https://open.spotify.com/track/6fxVffaTuwjgEk5h9QyRjy
127,"Thick And Thin",LANY,217335,https://open.spotify.com/track/3D110t9ctcoOoylXsc3iR8
128,"Money In The Grave (Drake ft. Rick Ross)",Drake,216900,https://open.spotify.com/track/5ry2OE6R2zPQFDO85XkgRb
129,"Way Back Home (feat. Conor Maynard) - Sam Feldt Edit",SHAUN,214582,https://open.spotify.com/track/1ZLrDPgR7mvuTco3rQK8Pk
130,"One and Only","Parokya Ni Edgar",213809,https://open.spotify.com/track/3OpGUlDmRUXh0NkIYWoIlD
131,"You And Me",Lifehouse,212976,https://open.spotify.com/track/0815caqt2Lytro5EIzMufT
132,"This Feeling","The Chainsmokers",212573,https://open.spotify.com/track/4NBTZtAt1F13VvlSKe6KTl
133,Someday,Nina,212097,https://open.spotify.com/track/1MkiRsYBkXbXvdiYvTTiQT
134,BIRTHDAY,SOMI,211097,https://open.spotify.com/track/3jsWXhE5NuPWQ4IHplv2zt
135,"I Don't Wanna Love You Anymore",LANY,210279,https://open.spotify.com/track/7ArrTJ1LwcGAlEO65LUQ7i
136,"Like I'm Gonna Lose You (feat. John Legend)","Meghan Trainor",210172,https://open.spotify.com/track/2YlZnw2ikdb837oKMKjBkW
137,Hiling,"Mark Carpio",209713,https://open.spotify.com/track/6xQs6y6CpDqK9VKCktApEL
138,"So Sick",Ne-Yo,209492,https://open.spotify.com/track/6brl7bwOHmGFkNw3MBqssT
139,"Sa Dulo Ng Walang Hanggan - Sa Ngalan Ng Pag-Ibig Piano Version","December Avenue",208626,https://open.spotify.com/track/1mTROTnvFi7uxGciL319Kb
140,"Rewrite The Stars","Zac Efron",208470,https://open.spotify.com/track/630sXRhIcfwr2e4RdNtjKN
141,"Just the Way You Are","Bruno Mars",208449,https://open.spotify.com/track/7BqBn9nzAq8spo5e7cZ0dJ
142,"With a Smile","South Border",207019,https://open.spotify.com/track/6XmskR1cMfgys1W7dExmgi
143,Starving,"Hailee Steinfeld",205252,https://open.spotify.com/track/6875MeXyCW0wLyT72Eetmo
144,"A Thousand Miles","Vanessa Carlton",205141,https://open.spotify.com/track/4w1lzcaoZ1IC2K5TwjalRP
145,"Who Do You Love","The Chainsmokers",204983,https://open.spotify.com/track/5QiNbIilmMiMBXvaAlf7lN
146,Sila,SUD,204280,https://open.spotify.com/track/2IMODbij0lZ5CuAjZi0IDE
147,"'Di Lahat","Donnalyn Bartolome",204169,https://open.spotify.com/track/0Iu5xWN9wtWHp5daIj0Mjb
148,"Ako Muna","Yeng Constantino",203828,https://open.spotify.com/track/5jLEQLkEU8Sb2fG5UQcwDM
149,Nadarang,"Shanti Dope",202930,https://open.spotify.com/track/6LJ1p1h5EcMK4VPeCLDSoF
150,"Take A Bow - Main",Rihanna,202769,https://open.spotify.com/track/39afswHs17v53znQm1gDTY
151,Ex,Callalily,199201,https://open.spotify.com/track/7bkAr4WNoTuSjpuh1NRQjm
152,"Bleeding Love","Leona Lewis",198285,https://open.spotify.com/track/7wZUrN8oemZfsEd1CGkbXE
153,Rainbow,"South Border",197819,https://open.spotify.com/track/3VcVQmMivq2ISfKUmIuvMK
154,SOLO,JENNIE,197582,https://open.spotify.com/track/2wVDWtLKXunswWecARNILj
155,"Psycho (feat. Ty Dolla $ign)","Post Malone",196593,https://open.spotify.com/track/3swc6WTsr7rl9DqQKQA55C
156,Iris,"The Goo Goo Dolls",195054,https://open.spotify.com/track/6Qyc6fS4DsZjB2mRW9DsQs
157,"Dream Glow (BTS World Original Soundtrack) - Pt. 1",BTS,194695,https://open.spotify.com/track/4c1WgUnHXq2LEncGHKgj1I
158,"Beautiful Soul","Jesse McCartney",193940,https://open.spotify.com/track/1HwpWwa6bnqqRhK8agG4RS
159,"214 - From ""Alone/Together""","JM De Guzman",190801,https://open.spotify.com/track/0Fh6hgq979963fIxr2VBF2
160,"Big Plans","Why Don't We",190581,https://open.spotify.com/track/6Yx181fZzA0YE2EkUsYruq
161,"Super Far",LANY,188545,https://open.spotify.com/track/15ahYSiHAIMxAnujlXVtta
162,"I Want It That Way","Backstreet Boys",187688,https://open.spotify.com/track/47BBI51FKFwOMlIiX6m8ya
163,"Hate Me (with Juice WRLD)","Ellie Goulding",187493,https://open.spotify.com/track/6kls8cSlUyHW2BUOkDJIZE
164,Closer,"The Chainsmokers",186423,https://open.spotify.com/track/7BKLCZ1jbUBVqRi2FVlTVw
165,"ILYSB - STRIPPED",LANY,185974,https://open.spotify.com/track/3Dkvp3L4w0uJFYfIPa8E9H
166,"A Thousand Years","Christina Perri",185621,https://open.spotify.com/track/6lanRgr6wXibZr8KgzXxBl
167,"Ikaw Lang",Kiyo,185580,https://open.spotify.com/track/2kRjoaqiyeS0Faus5wKztH
168,Sa'yo,"Silent Sanctuary",185032,https://open.spotify.com/track/29xs643Q96uQLD8f7SxYYw
169,"Old Town Road","Lil Nas X",184160,https://open.spotify.com/track/53CJANUxooaqGOtdsBTh7O
170,"Treat You Better","Shawn Mendes",182132,https://open.spotify.com/track/3QGsuHI8jO1Rx4JWLUh9jd
171,"Tayo Na Lang Dalawa",Mayonnaise,181909,https://open.spotify.com/track/468iB1VWvEy9ln8M9zdde6
172,Heaven,Avicii,180962,https://open.spotify.com/track/0vrmHPfoBadXVr2n0m1aqZ
173,Breakeven,"The Script",180770,https://open.spotify.com/track/1a1i2IwXnUN0PjllVEhA4B
174,"BOOMBAYAH - KR Ver.",BLACKPINK,180400,https://open.spotify.com/track/1qAPA8TooLVEqAZ58fhcrt
175,"Dying Inside To Hold You - From "" All Of You"" Official Soundtrack","Darren Espanto",180028,https://open.spotify.com/track/7xty20N3DMTVOVtDIS2Jov
176,"When You Say Nothing At All","Ronan Keating",179474,https://open.spotify.com/track/0gcjc7Vt5xtcfmJgf6g2IO
177,ILYSB,LANY,179296,https://open.spotify.com/track/2btKtacOXuMtC9WjcNRvAA
178,"BLOW (with Chris Stapleton & Bruno Mars)","Ed Sheeran",178827,https://open.spotify.com/track/6EbduYTr62sSzvl36wWiFM
179,"I Think I'm OKAY (with YUNGBLUD & Travis Barker)","Machine Gun Kelly",178743,https://open.spotify.com/track/2gTdDMpNxIRFSiu7HutMCg
180,"What is Love?",TWICE,177263,https://open.spotify.com/track/5Ek40FyMPprcvtyZDjqylX
181,"There's No Way (feat. Julia Michaels)",Lauv,177195,https://open.spotify.com/track/2hnxrRNzF74mdDzpQZQukQ
182,"Back At One","Brian McKnight",176822,https://open.spotify.com/track/6mwA6YiKDjAUG8kWvRRUPh
183,"break up with your girlfriend, i'm bored","Ariana Grande",176394,https://open.spotify.com/track/4kV4N9D1iKVxx1KLvtTpjS
184,"I Need You More Today","Caleb Santos",175936,https://open.spotify.com/track/761frfZtZ8I2g70UsjFfBK
185,"Let's Do It Again","J Boog",175794,https://open.spotify.com/track/4TBtGrMgUYH7D5Tf5HLvyz
186,Kontrabida,Pricetagg,174452,https://open.spotify.com/track/31vGGETvC1zlvuhNumTYZB
187,Sandali,Because,174145,https://open.spotify.com/track/0WRSaei4JRI1KTYhMqQh9y
188,"Ipagpatawad Mo",Mayonnaise,173710,https://open.spotify.com/track/7aOgo3FixklrEF0FWCgPLX
189,"No One","Alicia Keys",173452,https://open.spotify.com/track/6IwKcFdiRQZOWeYNhUiWIv
190,"Before I Let You Go",Freestyle,172833,https://open.spotify.com/track/5T8bLnWG8sg9ER8RKNZbCB
191,"Back To You - From 13 Reasons Why – Season 2 Soundtrack","Selena Gomez",170335,https://open.spotify.com/track/4hQ6UGyWQIGJmHSo0J88JW
192,"Versace on the Floor","Bruno Mars",168484,https://open.spotify.com/track/0kN8xEmgMW9mh7UmDYHlJP
193,"Chasing Cars","Snow Patrol",168319,https://open.spotify.com/track/11bD1JtSjlIgKgZG2134DZ
194,"Meant to Be (feat. Florida Georgia Line)","Bebe Rexha",167998,https://open.spotify.com/track/4e4fqjx0Izh4svvTef1z7e
195,Ritual,Tiësto,167029,https://open.spotify.com/track/3M9Apu4OZfylLTFKvgEtKa
196,Bubbly,"Colbie Caillat",166714,https://open.spotify.com/track/1lkvpmrCaXK8QtliFDcHBO
197,Dalaga,Arvey,166205,https://open.spotify.com/track/3iZB3VUDerY5P96rhBKwKr
198,"Falling like the Stars","James Arthur",165458,https://open.spotify.com/track/15xWRPHQMeqgdkGzInx3PY
199,"Dating Tayo","TJ Monterde",165132,https://open.spotify.com/track/267RumTt5KeLBGl2KWxBL0
200,"Summer Days (feat. Macklemore & Patrick Stump of Fall Out Boy)","Martin Garrix",164913,https://open.spotify.com/track/40OMBMYRk5IQL6xCzGM0JA
