,,,"Note that these figures are generated using a formula that protects against any artificial inflation of chart positions.",
Position,"Track Name",Artist,Streams,URL
1,"Kill This Love",BLACKPINK,2707361,https://open.spotify.com/track/4pUCKHjJ4Ijewc37rRrvHn
2,"Pauwi Nako",PDL,1701150,https://open.spotify.com/track/2tzAN1L07SNwnOdgOEeuQr
3,"Kahit Ayaw Mo Na","This Band",1552248,https://open.spotify.com/track/5V2AX2WTOHl2FKtftvisV6
4,Dalaga,ALLMO$T,1544987,https://open.spotify.com/track/3sm9FJhwOjsdzrfRgIf1ZK
5,"Sunflower - Spider-Man: Into the Spider-Verse","Post Malone",1521170,https://open.spotify.com/track/3KkXRkHbMCARz0aVfEt68P
6,Sana,"I Belong to the Zoo",1359488,https://open.spotify.com/track/1X4l4i472kW5ofFP8Xo0x0
7,Buwan,"juan karlos",1339279,https://open.spotify.com/track/5f9808hpiCpuNyqqdXmpF2
8,"Kung 'Di Rin Lang Ikaw","December Avenue",1243157,https://open.spotify.com/track/2BgD4nRyx9EZ5o8YEnjRSV
9,"Hindi Na Nga","This Band",1164457,https://open.spotify.com/track/50hVyhZM4nvizfrQe38F3l
10,Bulong,"December Avenue",1027097,https://open.spotify.com/track/5nMKJJ5Rl6X1yn58aVeICO
11,"Missin You Crazy",Russ,1021196,https://open.spotify.com/track/4ve2uzqdwnHr20G5YgMMqr
12,"Maybe The Night",Ben&Ben,984144,https://open.spotify.com/track/1yDiru08Q6omDOGkZMPnei
13,"i'm so tired...",Lauv,960064,https://open.spotify.com/track/7COXchtUOMd6uIT6HvmRaI
14,"Sa Ngalan Ng Pag-Ibig","December Avenue",910372,https://open.spotify.com/track/00mBzIWv5gHOYxwuEJXjOG
15,"Balang Araw","I Belong to the Zoo",901355,https://open.spotify.com/track/5NXdUJ3Z2jhlp2u1cj6f7m
16,"Don't Know What To Do",BLACKPINK,896945,https://open.spotify.com/track/1TaQciB8qqRZ9fxWGhS65X
17,"Best Part (feat. Daniel Caesar)",H.E.R.,831333,https://open.spotify.com/track/4OBZT9EnhYIV17t4pGw7ig
18,Talk,Khalid,820171,https://open.spotify.com/track/6TqXcAFInzjp0bODyvrWEq
19,"Love Someone","Lukas Graham",815298,https://open.spotify.com/track/3id2EVGKc3eFAMn9nFnB0r
20,"Malibu Nights",LANY,806305,https://open.spotify.com/track/0Eqg0CQ7bK3RQIMPw1A7pl
21,"thank u, next","Ariana Grande",786117,https://open.spotify.com/track/3e9HZxeyfWwjeyPAMmWSSQ
22,Sucker,"Jonas Brothers",774594,https://open.spotify.com/track/4y3OI86AEP6PQoDE6olYhO
23,"Dancing With A Stranger (with Normani)","Sam Smith",756375,https://open.spotify.com/track/6Qs4SXO9dwPj5GKvVOv8Ki
24,"Kathang Isip",Ben&Ben,748754,https://open.spotify.com/track/3WUEs51GpcvlgU7lehLgLh
25,"Kahit Di Mo Alam","December Avenue",743905,https://open.spotify.com/track/6GIzDc4xBUeYHwubWwTrhC
26,"214 - From ""Alone/Together""","JM De Guzman",737606,https://open.spotify.com/track/0Fh6hgq979963fIxr2VBF2
27,"7 rings","Ariana Grande",700789,https://open.spotify.com/track/6ocbgoVGwYJhOv1GgI9NsF
28,"Kick It",BLACKPINK,687321,https://open.spotify.com/track/5R0cvR5BMFkLomChhmcCzr
29,"Ikaw At Ako","Moira Dela Torre",666849,https://open.spotify.com/track/0gDRtumoR9ZrvAlnniToMz
30,"'Di Na Babalik","This Band",659437,https://open.spotify.com/track/5S4T2Pdr8qhetF3UhkwuMj
31,"bad guy","Billie Eilish",651417,https://open.spotify.com/track/2Fxmhks0bxGSBdJ92vM42m
32,comethru,"Jeremy Zucker",644278,https://open.spotify.com/track/18uwL0vNUanqZH0ro2QcOP
33,"Without Me",Halsey,615469,https://open.spotify.com/track/5p7ujcrUXASCNwRaWNHR1C
34,"Please Me","Cardi B",614162,https://open.spotify.com/track/0PG9fbaaHFHfre2gUVo7AN
35,Happier,Marshmello,612235,https://open.spotify.com/track/2dpaYNEQHiRxtZbfNsse99
36,"Bagay Tayo",ALLMO$T,608749,https://open.spotify.com/track/3u9tIlAnygQGNJ5VuSvTfi
37,"Hope Not",BLACKPINK,599451,https://open.spotify.com/track/32107DdzIGbVs9Pi54MuRS
38,Undecided,"Chris Brown",590225,https://open.spotify.com/track/7uiBocndm12aKbsdnQ3Scx
39,"Beautiful (feat. Camila Cabello)",Bazzi,578914,https://open.spotify.com/track/4VUwkH455At9kENOfzTqmF
40,"Here With Me",Marshmello,574633,https://open.spotify.com/track/5icOoE6VgqFKohjWWNp0Ac
41,"Who Do You Love","The Chainsmokers",544806,https://open.spotify.com/track/7ql71hBakyMi0Lxiq3Mugs
42,"Sweet but Psycho","Ava Max",538412,https://open.spotify.com/track/25sgk305KZfyuqVBQIahim
43,"break up with your girlfriend, i'm bored","Ariana Grande",532323,https://open.spotify.com/track/4kV4N9D1iKVxx1KLvtTpjS
44,2002,Anne-Marie,510458,https://open.spotify.com/track/2BgEsaKNfHUdlh97KmvFyo
45,"Kapit - From ""Alone / Together""","Armi Millare",487855,https://open.spotify.com/track/02GtNoUv85fOPEaCTlpYzr
46,"Thick And Thin",LANY,469078,https://open.spotify.com/track/3D110t9ctcoOoylXsc3iR8
47,"Filipina Girl","Billy Crawford",466256,https://open.spotify.com/track/66ZVMnlIAvGM6NIZJ3xweN
48,"I Like Me Better",Lauv,465740,https://open.spotify.com/track/2P91MQbaiQOfbiz9VqhqKQ
49,"Outta My Head (with John Mayer)",Khalid,458152,https://open.spotify.com/track/09oZ9eXQ2fo6YDrPzJqAoP
50,Mundo,"IV Of Spades",455792,https://open.spotify.com/track/4u8RkgV6P4TLi89SmlUtv8
51,"DDU-DU DDU-DU - Remix",BLACKPINK,453446,https://open.spotify.com/track/7tXQdx76iQVFeaBGDzXpZ2
52,Tagpuan,"Moira Dela Torre",451880,https://open.spotify.com/track/0ztDBQdQmdVZvorSmIjMih
53,"Close To Me (with Diplo) (feat. Swae Lee)","Ellie Goulding",434917,https://open.spotify.com/track/5JEx7HbmvHQQswJCsoo9rA
54,"MONOPOLY (with Victoria Monét)","Ariana Grande",422729,https://open.spotify.com/track/6tsOcBnaKgzK22yEiqRh8P
55,"'Di Na Muli","Janine Teñoso",415817,https://open.spotify.com/track/3VQb0rq27GPX92X53Ni1Lc
56,"Girls Like You (feat. Cardi B)","Maroon 5",414951,https://open.spotify.com/track/7fa9MBXhVfQ8P8Df9OEbD8
57,"Nobody Knows",Russ,412012,https://open.spotify.com/track/1pNAf6W7POwjOD8x8mWf8G
58,"Pangako - Recorded at Kodama Studios, Philippines","Silent Sanctuary",382646,https://open.spotify.com/track/5CThcDR9mycL3TjNKQ2qFk
59,"I Can’t Get Enough (benny blanco, Selena Gomez, J Balvin, Tainy)","benny blanco",378017,https://open.spotify.com/track/1WSGTYKLEpKfNQYYW5Oymt
60,"DDU-DU DDU-DU",BLACKPINK,372016,https://open.spotify.com/track/2aI2k39nfa3KFsa4JclQzw
61,Dahan,"December Avenue",350453,https://open.spotify.com/track/6BxJLJw228OY5BFerPGl7z
62,SOLO,JENNIE,348208,https://open.spotify.com/track/2wVDWtLKXunswWecARNILj
63,"Thru These Tears",LANY,341970,https://open.spotify.com/track/7GbAp0HKPQW7WnFJAzMoRk
64,"Sa Susunod Na Lang",PDL,340743,https://open.spotify.com/track/34ob61cxp34Sf7KHK6RnSU
65,"Pasensya Ka Na","Silent Sanctuary",337240,https://open.spotify.com/track/0YyM8aEdbjGfLWPn6fdcn7
66,"달라달라 (DALLA DALLA)",ITZY,327012,https://open.spotify.com/track/0GU5GuJQQEnnREO2FxnVPT
67,"Naaalala Ka / Maging Sino Ka Man (Spotify Jams: OPM Love Songs - Recorded at Kodama Studios, Philippines)","Moira Dela Torre",324780,https://open.spotify.com/track/3efCao3RLbsz52LQ66o8Ac
68,"Say You Won't Let Go","James Arthur",321347,https://open.spotify.com/track/5uCax9HTNlzGybIStD3vDh
69,Tadhana,"Up Dharma Down",314909,https://open.spotify.com/track/6NFKf8vBApSvtzkapYmnVR
70,"Kung Wala Ka",Hale,312336,https://open.spotify.com/track/4JSDhJVmo2UqdF7nxbyenn
71,"As If It's Your Last",BLACKPINK,309646,https://open.spotify.com/track/1Zyd6zQnC6XIIzmg3hP7Ot
72,Weak,"Khel Pangilinan",309574,https://open.spotify.com/track/06cUybZMETs4i3yQO1f7p3
73,Better,Khalid,307509,https://open.spotify.com/track/6zeeWid2sgw4lap2jV61PZ
74,"Too Good At Goodbyes","Sam Smith",304153,https://open.spotify.com/track/1mXVgsBdtIVeCLJnSnmtdV
75,IDGAF,"Dua Lipa",301216,https://open.spotify.com/track/76cy1WJvNGJTj78UqeA5zr
76,"Bakit Ba Ikaw","Michael Pangilinan",300366,https://open.spotify.com/track/0Vmk6Ebk4QBq7r0VAz2a6s
77,Sandali,Because,296021,https://open.spotify.com/track/1emnGTAsF4zSaWidgvK08I
78,Nadarang,"Shanti Dope",289849,https://open.spotify.com/track/6LJ1p1h5EcMK4VPeCLDSoF
79,"Huling Sandali (Tayo Sa Huling Buwan Ng Taon Official Soundtrack)","December Avenue",288984,https://open.spotify.com/track/24ngpWhBOxKJtIPnzSNX8c
80,"My Bad",Khalid,288941,https://open.spotify.com/track/2XKFnwB6djxrJCjR3PdeRb
81,"Big Plans","Why Don't We",288619,https://open.spotify.com/track/6Yx181fZzA0YE2EkUsYruq
82,"This Feeling","The Chainsmokers",287430,https://open.spotify.com/track/4NBTZtAt1F13VvlSKe6KTl
83,"Eastside (with Halsey & Khalid)","benny blanco",286312,https://open.spotify.com/track/7FGq80cy8juXBCD2nrqdWU
84,Migraine,Moonstar88,284509,https://open.spotify.com/track/7sW3f7PqDV7BQ7qqeVBJIA
85,Ex,Callalily,283744,https://open.spotify.com/track/0GHwNr0lqf8jpc9wesmnHo
86,"Hanggang Kailan - Umuwi Ka Na Baby","Orange & Lemons",268293,https://open.spotify.com/track/5UhpceEr5XmbVwyoIUIRnh
87,"BOOMBAYAH - KR Ver.",BLACKPINK,267184,https://open.spotify.com/track/1qAPA8TooLVEqAZ58fhcrt
88,"You Are The Reason","Calum Scott",265778,https://open.spotify.com/track/69vToJ9BMbbLlFZo7k7A7B
89,Shallow,"Lady Gaga",264641,https://open.spotify.com/track/2VxeLyX666F8uXCJ0dZF8B
90,"Ang Huling El Bimbo",Eraserheads,264505,https://open.spotify.com/track/135ggzbjOogZ75IQ0LQi8r
91,Wow.,"Post Malone",264195,https://open.spotify.com/track/6MWtB6iiXyIwun0YzU6DFP
92,"Kung Ayaw Mo Wag Mo - Recorded at Kodama Studios, Philippines","IV Of Spades",262692,https://open.spotify.com/track/0BEpSEV02FM1N5gcw2fsJC
93,"The Middle",Zedd,262013,https://open.spotify.com/track/09IStsImFySgyp0pIQdqAc
94,"wish you were gay","Billie Eilish",261796,https://open.spotify.com/track/3Fj47GNK2kUF0uaEDgXLaD
95,Leaves,Ben&Ben,261045,https://open.spotify.com/track/6wdCelHrPh7UfliNjwRTUv
96,"I Don't Wanna Love You Anymore",LANY,254517,https://open.spotify.com/track/7ArrTJ1LwcGAlEO65LUQ7i
97,Magbalik,Callalily,254133,https://open.spotify.com/track/5zMR44ZH4KVZj4FlhTj3SE
98,"Oks Lang","John Roa",253522,https://open.spotify.com/track/2wTxJWt2gA9a1Z94dTnPiI
99,"Tell Me Where It Hurts",MYMP,252395,https://open.spotify.com/track/6C2nrsOlb3jOUGcJAmPrTA
100,"Kiss and Make Up","Dua Lipa",247306,https://open.spotify.com/track/13hvHEstJ4sNbzdroPrPI3
101,"Saturday Nights",Khalid,245439,https://open.spotify.com/track/5kfNriitmkNE8mUbZ7gbq8
102,"Let Me Down Slowly","Alec Benjamin",245001,https://open.spotify.com/track/2qxmye6gAegTMjLKEBoR3d
103,"With a Smile","South Border",242310,https://open.spotify.com/track/6XmskR1cMfgys1W7dExmgi
104,"On My Way","Alan Walker",241247,https://open.spotify.com/track/4n7jnSxVLd8QioibtTDBDq
105,"There's No Way (feat. Julia Michaels)",Lauv,241039,https://open.spotify.com/track/2hnxrRNzF74mdDzpQZQukQ
106,"Taki Taki (with Selena Gomez, Ozuna & Cardi B)","DJ Snake",235039,https://open.spotify.com/track/4w8niZpiMy6qz1mntFA5uM
107,"Forever Young",BLACKPINK,234401,https://open.spotify.com/track/56bHclo7YNvpujMveLElQn
108,"Rewrite The Stars","Zac Efron",233346,https://open.spotify.com/track/630sXRhIcfwr2e4RdNtjKN
109,"Sa Dulo Ng Walang Hanggan - Sa Ngalan Ng Pag-Ibig Piano Version","December Avenue",231667,https://open.spotify.com/track/1mTROTnvFi7uxGciL319Kb
110,Perfect,"Ed Sheeran",231069,https://open.spotify.com/track/0tgVpDi06FyKpA1z0VMD4v
111,"Love Shot",EXO,225356,https://open.spotify.com/track/33NAYATbWRoo5RuEP30JBZ
112,"Lost In Japan","Shawn Mendes",222879,https://open.spotify.com/track/79esEXlqqmq0GPz0xQSZTV
113,"Way Back Home (feat. Conor Maynard) - Sam Feldt Edit",SHAUN,220484,https://open.spotify.com/track/1ZLrDPgR7mvuTco3rQK8Pk
114,"The Day You Said Goodnight",Hale,220171,https://open.spotify.com/track/0HZ3OUVrGHxttD2EuHqRm3
115,"So Am I","Ava Max",219383,https://open.spotify.com/track/0uUNN1nSoUx1A4fkDCWDQ7
116,Happier,"Ed Sheeran",217053,https://open.spotify.com/track/2RttW7RAu5nOAfq6YFvApB
117,Paradise,Bazzi,215467,https://open.spotify.com/track/7njKgVl3AnLflRad38o7AG
118,"Midnight Sky","Unique Salonga",212184,https://open.spotify.com/track/5eFzCfsj3d0yWumdEldZwL
119,"Don't Call Me Up",Mabel,212041,https://open.spotify.com/track/5WHTFyqSii0lmT9R21abT8
120,Hiling,"Mark Carpio",211743,https://open.spotify.com/track/6xQs6y6CpDqK9VKCktApEL
121,"One and Only","Parokya Ni Edgar",210913,https://open.spotify.com/track/3OpGUlDmRUXh0NkIYWoIlD
122,Lucky,"Jason Mraz",209648,https://open.spotify.com/track/2qLMf6TuEC3ruGJg4SMMN6
123,"Shape of My Heart","Backstreet Boys",208782,https://open.spotify.com/track/35o9a4iAfLl5jRmqMX9c1D
124,Sila,SUD,208512,https://open.spotify.com/track/2IMODbij0lZ5CuAjZi0IDE
125,"I'm Yours","Jason Mraz",207614,https://open.spotify.com/track/3S0OXQeoh0w6AY8WQVckRW
126,Akala,Marion,206930,https://open.spotify.com/track/6C3SKl8oJbfjfJBANhuQuu
127,"Maikee's Letters","Just Hush",205441,https://open.spotify.com/track/0aEX0skifH9CAc8HXxShqk
128,"Super Far",LANY,205015,https://open.spotify.com/track/15ahYSiHAIMxAnujlXVtta
129,"Ngayong Gabi","Al James",205012,https://open.spotify.com/track/5sLGYJOhLP197nmkaRMMEH
130,"PLAYING WITH FIRE - KR Ver.",BLACKPINK,204803,https://open.spotify.com/track/5OepnJhqZoyJN8qWo2LZzy
131,"She Will Be Loved - Radio Mix","Maroon 5",204689,https://open.spotify.com/track/4llK75pXNWZz6KAho2Gp16
132,"Be Alright","Dean Lewis",202586,https://open.spotify.com/track/2H4gf1wLxvYreMj1jcaN0k
133,Pa-umaga,"Al James",201485,https://open.spotify.com/track/3U8MbjNAP56IrzpbEFn1qN
134,"Better Now","Post Malone",199664,https://open.spotify.com/track/7dt6x5M1jzdTEt8oCbisTK
135,"no tears left to cry","Ariana Grande",199289,https://open.spotify.com/track/2qT1uLXPVPzGgFOx4jtEuo
136,Photograph,"Ed Sheeran",198768,https://open.spotify.com/track/6fxVffaTuwjgEk5h9QyRjy
137,"Nandyan Agad Ako","Ex Battalion",197827,https://open.spotify.com/track/2SuTg9SbfgvHOqhZonuu1j
138,"This I Promise You",*NSYNC,197186,https://open.spotify.com/track/2Dp2LRrY71XIfLe3co2Qnh
139,CROWN,"TOMORROW X TOGETHER",195711,https://open.spotify.com/track/32h6yQGn4oAhZ0HRsTMX26
140,"Psycho (feat. Ty Dolla $ign)","Post Malone",195498,https://open.spotify.com/track/3swc6WTsr7rl9DqQKQA55C
141,"Dating Tayo","TJ Monterde",194940,https://open.spotify.com/track/267RumTt5KeLBGl2KWxBL0
142,ILYSB,LANY,191777,https://open.spotify.com/track/2btKtacOXuMtC9WjcNRvAA
143,"Dying Inside To Hold You - From "" All Of You"" Official Soundtrack","Darren Espanto",189756,https://open.spotify.com/track/7xty20N3DMTVOVtDIS2Jov
144,"WHISTLE - KR Ver.",BLACKPINK,189588,https://open.spotify.com/track/67BbMuItfrHmaNqDxBPF7c
145,Someday,Nina,189185,https://open.spotify.com/track/1MkiRsYBkXbXvdiYvTTiQT
146,"You And Me",Lifehouse,188206,https://open.spotify.com/track/0815caqt2Lytro5EIzMufT
147,"Old Town Road - Remix","Lil Nas X",187879,https://open.spotify.com/track/6u7jPi22kF8CTQ3rb9DHE7
148,Cool,"Jonas Brothers",187084,https://open.spotify.com/track/3QmolSZqjjLksTUvZJ6pPS
149,"So Sick",Ne-Yo,186307,https://open.spotify.com/track/6brl7bwOHmGFkNw3MBqssT
150,"Just the Way You Are","Bruno Mars",185482,https://open.spotify.com/track/7BqBn9nzAq8spo5e7cZ0dJ
151,Stickwitu,"The Pussycat Dolls",185251,https://open.spotify.com/track/4NjR63Up0uMkQBlKvlZd1l
152,Sundo,Imago,185077,https://open.spotify.com/track/2OqQDFY4MgzkAoAZ67CscA
153,Starving,"Hailee Steinfeld",183706,https://open.spotify.com/track/6875MeXyCW0wLyT72Eetmo
154,Tagu-Taguan,"Moira Dela Torre",182982,https://open.spotify.com/track/2iOnWSWcChoGmUufbrQ00e
155,Closer,"The Chainsmokers",182560,https://open.spotify.com/track/7BKLCZ1jbUBVqRi2FVlTVw
156,"Huling Sayaw - Acoustic",Kamikazee,182520,https://open.spotify.com/track/4UgtdWy4dm7vMVIupUbtMm
157,"Your Song (My One and Only You)","Julie Anne San Jose",178891,https://open.spotify.com/track/5Seh4HfqT1mFnRJQswqz51
158,"Magkunwari ('Di Man Tayo) [TODA One I Love Official Soundtrack]","December Avenue",178722,https://open.spotify.com/track/4yLc803i7qcWx4V2piWPH5
159,"bury a friend","Billie Eilish",177927,https://open.spotify.com/track/4SSnFejRGlZikf02HLewEF
160,"ILYSB - STRIPPED",LANY,177763,https://open.spotify.com/track/3Dkvp3L4w0uJFYfIPa8E9H
161,"A Thousand Years","Christina Perri",177486,https://open.spotify.com/track/6lanRgr6wXibZr8KgzXxBl
162,"Take A Bow - Main",Rihanna,177471,https://open.spotify.com/track/39afswHs17v53znQm1gDTY
163,"High Hopes","Panic! At The Disco",177453,https://open.spotify.com/track/1rqqCSm0Qe4I9rUvWncaom
164,"I Fall Apart","Post Malone",176725,https://open.spotify.com/track/75ZvA4QfFiZvzhj2xkaWAh
165,Iris,"The Goo Goo Dolls",176524,https://open.spotify.com/track/6Qyc6fS4DsZjB2mRW9DsQs
166,Youngblood,"5 Seconds of Summer",175789,https://open.spotify.com/track/2iUXsYOEPhVqEBwsqP70rE
167,"Bohemian Rhapsody - Remastered 2011",Queen,175430,https://open.spotify.com/track/4u7EnebtmKWzUH433cf5Qv
168,"I Don't Belong In This Club","Why Don't We",175155,https://open.spotify.com/track/45ZGEdLxCZvdMX9jWlsAAx
169,"Never Not",Lauv,174488,https://open.spotify.com/track/4fFfyouye6vrX9o9z4PVMu
170,Sa'yo,"Silent Sanctuary",173185,https://open.spotify.com/track/29xs643Q96uQLD8f7SxYYw
171,"Rewrite The Stars (with James Arthur & Anne-Marie)","James Arthur",171481,https://open.spotify.com/track/6mQLN3zRtAp6ovjusyYKrV
172,"What Lovers Do","Maroon 5",170691,https://open.spotify.com/track/0WdGQhoAP2LBsqr5Jhit2g
173,"I Want It That Way","Backstreet Boys",170450,https://open.spotify.com/track/47BBI51FKFwOMlIiX6m8ya
174,Mine,Bazzi,168613,https://open.spotify.com/track/7uzmGiiJyRfuViKKK3lVmR
175,"Bleeding Love","Leona Lewis",168446,https://open.spotify.com/track/7wZUrN8oemZfsEd1CGkbXE
176,"Malaya (Camp Sawi Original Motion Picture Soundtrack)","Moira Dela Torre",167974,https://open.spotify.com/track/6M21eWbEw74XDdoQsNIinq
177,"Like I'm Gonna Lose You (feat. John Legend)","Meghan Trainor",167173,https://open.spotify.com/track/2YlZnw2ikdb837oKMKjBkW
178,"when the party's over","Billie Eilish",166532,https://open.spotify.com/track/43zdsphuZLzwA9k4DJhU0I
179,Rainbow,"South Border",166480,https://open.spotify.com/track/3VcVQmMivq2ISfKUmIuvMK
180,"Let Me Go (with Alesso, Florida Georgia Line & watt)","Hailee Steinfeld",166168,https://open.spotify.com/track/5Gu0PDLN4YJeW75PpBSg9p
181,"Meant to Be (feat. Florida Georgia Line)","Bebe Rexha",165725,https://open.spotify.com/track/4e4fqjx0Izh4svvTef1z7e
182,Happiness,"Rex Orange County",165109,https://open.spotify.com/track/2rXVtoLBHuXcNB5DVfIc9p
183,"That's What I Like","Bruno Mars",163819,https://open.spotify.com/track/0KKkJNfGyhkQ5aFogxQAPU
184,Breakeven,"The Script",163272,https://open.spotify.com/track/1a1i2IwXnUN0PjllVEhA4B
185,"Versace on the Floor","Bruno Mars",162627,https://open.spotify.com/track/0kN8xEmgMW9mh7UmDYHlJP
186,"Capital Letters","Hailee Steinfeld",161248,https://open.spotify.com/track/2bllegdYt2WoYdbRZyJ730
187,"Back To You - From 13 Reasons Why – Season 2 Soundtrack","Selena Gomez",160603,https://open.spotify.com/track/4hQ6UGyWQIGJmHSo0J88JW
188,"The Bones","Maren Morris",160005,https://open.spotify.com/track/3npzogdOEiVsieXmmhBepL
189,"Di Makatulog",SUD,159346,https://open.spotify.com/track/2ZiNCGDMapQzMtnPRVOKZI
190,"Lie To Me (feat. Julia Michaels)","5 Seconds of Summer",158882,https://open.spotify.com/track/6GzApXoBQiiAjak3tOQfV3
191,"A Thousand Miles","Vanessa Carlton",158874,https://open.spotify.com/track/4w1lzcaoZ1IC2K5TwjalRP
192,214,Rivermaya,158851,https://open.spotify.com/track/7gZ3kWNtIxFgxjsm5OTVMB
193,"YES or YES",TWICE,158731,https://open.spotify.com/track/184XtKkzoAl83quIarUAJP
194,"Empty Space","James Arthur",158479,https://open.spotify.com/track/1uru26I2JKd2mQZt0MDCUe
195,"Hanggang Kailan","Michael Pangilinan",157557,https://open.spotify.com/track/01YEqVPCm0vqRLA9w43bic
196,"Kills You Slowly","The Chainsmokers",157449,https://open.spotify.com/track/1Pz3QmQFBFuI60rxCQBeW6
197,"Ipagpatawad Mo",Mayonnaise,156524,https://open.spotify.com/track/7IqUmDJ2GjaOqrzDCXhrV5
198,13,LANY,156175,https://open.spotify.com/track/0WOvSEVpUGkNufX0w0M06F
199,"Young Dumb & Broke",Khalid,154835,https://open.spotify.com/track/5Z3GHaZ6ec9bsiI5BenrbY
200,"Freaky Friday (feat. Chris Brown)","Lil Dicky",154790,https://open.spotify.com/track/10Igtw8bSDyyFs7KIsKngZ
