,,,"Note that these figures are generated using a formula that protects against any artificial inflation of chart positions.",
Position,"Track Name",Artist,Streams,URL
1,Señorita,"Shawn Mendes",2559126,https://open.spotify.com/track/0TK2YIli7K1leLovkQiNik
2,"I Don't Care (with Justin Bieber)","Ed Sheeran",1760450,https://open.spotify.com/track/0hVXuCcriWRGvwMV1r5Yn9
3,"Beautiful People (feat. Khalid)","Ed Sheeran",1583377,https://open.spotify.com/track/70eFcWOvlMObDhURTqT4Fv
4,comethru,"Jeremy Zucker",1373476,https://open.spotify.com/track/18uwL0vNUanqZH0ro2QcOP
5,"Sa Susunod Na Lang",PDL,1190281,https://open.spotify.com/track/34ob61cxp34Sf7KHK6RnSU
6,Sana,"I Belong to the Zoo",1120346,https://open.spotify.com/track/1X4l4i472kW5ofFP8Xo0x0
7,"Goodbyes (Feat. Young Thug)","Post Malone",1118585,https://open.spotify.com/track/6vBdBCoOhKHiYDDOcorfNo
8,"A Whole New World (End Title) - From ""Aladdin""",ZAYN,1099274,https://open.spotify.com/track/1iWHabUgUuuKLBa0TzTHfk
9,"Hindi Na Nga","This Band",1066539,https://open.spotify.com/track/2RgD3eO4IIGF16rR8Ch8OV
10,"Bagay Tayo",ALLMO$T,986203,https://open.spotify.com/track/2mwd0LWLBgtQBEOLG96nbU
11,"'Di Na Babalik","This Band",969506,https://open.spotify.com/track/7hoP5NDUXEbmOawvEAsi8h
12,"Nobody Knows",Russ,944127,https://open.spotify.com/track/1pNAf6W7POwjOD8x8mWf8G
13,"Never Really Over","Katy Perry",930608,https://open.spotify.com/track/5PYQUBXc7NYeI1obMKSJK0
14,"Sunflower - Spider-Man: Into the Spider-Verse","Post Malone",902983,https://open.spotify.com/track/3KkXRkHbMCARz0aVfEt68P
15,Dahan,"December Avenue",892044,https://open.spotify.com/track/6BxJLJw228OY5BFerPGl7z
16,"Old Town Road - Remix","Lil Nas X",874497,https://open.spotify.com/track/6u7jPi22kF8CTQ3rb9DHE7
17,"Best Part of Me (feat. YEBBA)","Ed Sheeran",872679,https://open.spotify.com/track/0VsGaRXR5WAzpu51unJTis
18,"Huling Sandali (Tayo Sa Huling Buwan Ng Taon Official Soundtrack)","December Avenue",865036,https://open.spotify.com/track/24ngpWhBOxKJtIPnzSNX8c
19,"Kung 'Di Rin Lang Ikaw","December Avenue",854473,https://open.spotify.com/track/2BgD4nRyx9EZ5o8YEnjRSV
20,"Maybe The Night",Ben&Ben,842136,https://open.spotify.com/track/1yDiru08Q6omDOGkZMPnei
21,"If I Can't Have You","Shawn Mendes",813590,https://open.spotify.com/track/6LsAAHotRLMOHfCsSfYCsz
22,"Kahit Ayaw Mo Na","This Band",796018,https://open.spotify.com/track/58grXgbCj7t5ulr0TGLIr9
23,"You Need To Calm Down","Taylor Swift",785414,https://open.spotify.com/track/29fRTIKsJhLUJoldM89GZS
24,"Patawad, Paalam","Moira Dela Torre",767184,https://open.spotify.com/track/14BG5B1EJSCyNpZt096xXc
25,Wrong,"Luh Kel",755635,https://open.spotify.com/track/3EludUFeAoJAwSixWGG5Wg
26,Talk,Khalid,755187,https://open.spotify.com/track/6TqXcAFInzjp0bODyvrWEq
27,"ME! (feat. Brendon Urie of Panic! At The Disco)","Taylor Swift",748990,https://open.spotify.com/track/4MsUsFfWseB9M2plGJyuIw
28,Bulong,"December Avenue",745254,https://open.spotify.com/track/5nMKJJ5Rl6X1yn58aVeICO
29,"Call You Mine (with Bebe Rexha)","The Chainsmokers",737221,https://open.spotify.com/track/05CwHjIk71RXVU40boRMnR
30,"Kathang Isip",Ben&Ben,699555,https://open.spotify.com/track/3WUEs51GpcvlgU7lehLgLh
31,"Pauwi Nako",PDL,663039,https://open.spotify.com/track/2tzAN1L07SNwnOdgOEeuQr
32,"Malibu Nights",LANY,661732,https://open.spotify.com/track/0Eqg0CQ7bK3RQIMPw1A7pl
33,"Kill This Love",BLACKPINK,660230,https://open.spotify.com/track/4pUCKHjJ4Ijewc37rRrvHn
34,Pagtingin,Ben&Ben,657201,https://open.spotify.com/track/5l9g7py8RCblcvbZgGQgSd
35,"Best Part (feat. Daniel Caesar)",H.E.R.,651625,https://open.spotify.com/track/4OBZT9EnhYIV17t4pGw7ig
36,Sanctuary,Joji,638485,https://open.spotify.com/track/3xaugmCyXrVkrDTXbFkMW3
37,"Missin You Crazy",Russ,637814,https://open.spotify.com/track/4ve2uzqdwnHr20G5YgMMqr
38,"Love Someone","Lukas Graham",616131,https://open.spotify.com/track/3id2EVGKc3eFAMn9nFnB0r
39,"bad guy (with Justin Bieber)","Billie Eilish",607590,https://open.spotify.com/track/3yNZ5r3LKfdmjoS3gkhUCT
40,"Balang Araw","I Belong to the Zoo",600737,https://open.spotify.com/track/5NXdUJ3Z2jhlp2u1cj6f7m
41,"Filipina Girl","Billy Crawford",598229,https://open.spotify.com/track/7iNMzfw2couNdTNXMYG2IR
42,"i'm so tired...",Lauv,587585,https://open.spotify.com/track/7COXchtUOMd6uIT6HvmRaI
43,"Boy With Luv (feat. Halsey)",BTS,576174,https://open.spotify.com/track/5KawlOMHjWeUjQtnuRs22c
44,"Without Me",Halsey,552489,https://open.spotify.com/track/5p7ujcrUXASCNwRaWNHR1C
45,"Dancing With A Stranger (with Normani)","Sam Smith",551896,https://open.spotify.com/track/6Qs4SXO9dwPj5GKvVOv8Ki
46,Nobela,"Join The Club",551273,https://open.spotify.com/track/3vGkyQlCw8LklNip0ZUELC
47,"Sa Ngalan Ng Pag-Ibig","December Avenue",524707,https://open.spotify.com/track/00mBzIWv5gHOYxwuEJXjOG
48,Paradise,Bazzi,509493,https://open.spotify.com/track/7njKgVl3AnLflRad38o7AG
49,"Sad Forever",Lauv,493882,https://open.spotify.com/track/4a5zacCsHLtMC2mcxkqWwn
50,Dalaga,ALLMO$T,462719,https://open.spotify.com/track/3PLARiBoxCpJFUMZhvV63x
51,"I Like Me Better",Lauv,455681,https://open.spotify.com/track/2P91MQbaiQOfbiz9VqhqKQ
52,"Civil War",Russ,451618,https://open.spotify.com/track/5tmu5pAFHkUSl8Fo8ncyA4
53,Buwan,"juan karlos",449415,https://open.spotify.com/track/5f9808hpiCpuNyqqdXmpF2
54,"South of the Border (feat. Camila Cabello & Cardi B)","Ed Sheeran",434265,https://open.spotify.com/track/4vUmTMuQqjdnvlZmAH61Qk
55,2002,Anne-Marie,418589,https://open.spotify.com/track/2BgEsaKNfHUdlh97KmvFyo
56,"Antisocial (with Travis Scott)","Ed Sheeran",418580,https://open.spotify.com/track/1DhRbox3xkceP64k3JeYfW
57,"Here With Me",Marshmello,400565,https://open.spotify.com/track/5icOoE6VgqFKohjWWNp0Ac
58,"bad guy","Billie Eilish",390400,https://open.spotify.com/track/2Fxmhks0bxGSBdJ92vM42m
59,"Say You Won't Let Go","James Arthur",389411,https://open.spotify.com/track/5uCax9HTNlzGybIStD3vDh
60,Easier,"5 Seconds of Summer",375406,https://open.spotify.com/track/4tNXntkAzQ5A2dfYRYGIIQ
61,Mundo,"IV Of Spades",375080,https://open.spotify.com/track/4u8RkgV6P4TLi89SmlUtv8
62,"Kahit Di Mo Alam","December Avenue",350605,https://open.spotify.com/track/6GIzDc4xBUeYHwubWwTrhC
63,"Could I Love You Any More (feat. Jason Mraz)","Reneé Dominique",349914,https://open.spotify.com/track/6TbDpqKCksZNJjriFhPum8
64,"thank u, next","Ariana Grande",344551,https://open.spotify.com/track/3e9HZxeyfWwjeyPAMmWSSQ
65,okay,LANY,341097,https://open.spotify.com/track/1a0Mg4XPdt4EKsUz5beRZY
66,"Post Malone (feat. RANI)","Sam Feldt",334279,https://open.spotify.com/track/0qc4QlcCxVTGyShurEv1UU
67,Tadhana,"Up Dharma Down",324882,https://open.spotify.com/track/6NFKf8vBApSvtzkapYmnVR
68,FANCY,TWICE,323769,https://open.spotify.com/track/2FXd6kKCtBIc6UfN1gH1pA
69,Tagpuan,"Moira Dela Torre",313707,https://open.spotify.com/track/0ztDBQdQmdVZvorSmIjMih
70,"Bakit Ba Ikaw","Michael Pangilinan",312514,https://open.spotify.com/track/0Vmk6Ebk4QBq7r0VAz2a6s
71,"Kung Wala Ka",Hale,312401,https://open.spotify.com/track/4JSDhJVmo2UqdF7nxbyenn
72,"Someone You Loved","Lewis Capaldi",309027,https://open.spotify.com/track/7qEHsqek33rTcFNT9PFqLf
73,"Too Good At Goodbyes","Sam Smith",308466,https://open.spotify.com/track/1mXVgsBdtIVeCLJnSnmtdV
74,"Beautiful (feat. Camila Cabello)",Bazzi,303369,https://open.spotify.com/track/4VUwkH455At9kENOfzTqmF
75,"Tagpuan - Duet Version","Moira Dela Torre",298997,https://open.spotify.com/track/1bBDyj7kZdMOAMX3czsWFg
76,"On A Roll","Ashley O",298172,https://open.spotify.com/track/56JyMaElW79S7TDWh1Zw1m
77,"Don't Check On Me (feat. Justin Bieber & Ink)","Chris Brown",297685,https://open.spotify.com/track/7ILEWkpfdK6AjH2D7jppWk
78,"Find U Again (feat. Camila Cabello)","Mark Ronson",297288,https://open.spotify.com/track/5Uw7Dut2lZfexn3Y09swpf
79,"Hanggang Kailan - Umuwi Ka Na Baby","Orange & Lemons",292557,https://open.spotify.com/track/5UhpceEr5XmbVwyoIUIRnh
80,Dalaga,Arvey,291465,https://open.spotify.com/track/3iZB3VUDerY5P96rhBKwKr
81,Happier,Marshmello,289420,https://open.spotify.com/track/2dpaYNEQHiRxtZbfNsse99
82,Sucker,"Jonas Brothers",288574,https://open.spotify.com/track/22vgEDb5hykfaTwLuskFGD
83,"Pasensya Ka Na","Silent Sanctuary",287826,https://open.spotify.com/track/0YyM8aEdbjGfLWPn6fdcn7
84,"You Are The Reason","Calum Scott",285884,https://open.spotify.com/track/69vToJ9BMbbLlFZo7k7A7B
85,"Girls Like You (feat. Cardi B)","Maroon 5",285737,https://open.spotify.com/track/7fa9MBXhVfQ8P8Df9OEbD8
86,"It's You","Ali Gatie",283732,https://open.spotify.com/track/6moU77g9RQyMzHNuKEaQKq
87,"'Di Na Muli","Janine Teñoso",280604,https://open.spotify.com/track/6p6DiqAPwMX7vdrSo30wgo
88,"Shape of My Heart","Backstreet Boys",274513,https://open.spotify.com/track/35o9a4iAfLl5jRmqMX9c1D
89,"7 rings","Ariana Grande",273189,https://open.spotify.com/track/6ocbgoVGwYJhOv1GgI9NsF
90,"One and Only","Parokya Ni Edgar",267579,https://open.spotify.com/track/3OpGUlDmRUXh0NkIYWoIlD
91,"Cross Me (feat. Chance the Rapper & PnB Rock)","Ed Sheeran",267170,https://open.spotify.com/track/4wuCQX7JvAZLlrcmH4AeZF
92,Migraine,Moonstar88,266358,https://open.spotify.com/track/7sW3f7PqDV7BQ7qqeVBJIA
93,"Truth Hurts",Lizzo,265087,https://open.spotify.com/track/5qmq61DAAOUaW8AUo8xKhh
94,"The Day You Said Goodnight",Hale,264736,https://open.spotify.com/track/0HZ3OUVrGHxttD2EuHqRm3
95,"Ang Huling El Bimbo",Eraserheads,262795,https://open.spotify.com/track/135ggzbjOogZ75IQ0LQi8r
96,Panini,"Lil Nas X",262155,https://open.spotify.com/track/6fTt0CH2t0mdeB2N9XFG5r
97,Stickwitu,"The Pussycat Dolls",262024,https://open.spotify.com/track/4NjR63Up0uMkQBlKvlZd1l
98,"Tell Me Where It Hurts",MYMP,260825,https://open.spotify.com/track/6C2nrsOlb3jOUGcJAmPrTA
99,Magbalik,Callalily,258540,https://open.spotify.com/track/5zMR44ZH4KVZj4FlhTj3SE
100,IDGAF,"Dua Lipa",256160,https://open.spotify.com/track/76cy1WJvNGJTj78UqeA5zr
101,"Thru These Tears",LANY,250460,https://open.spotify.com/track/7GbAp0HKPQW7WnFJAzMoRk
102,"Isa Pang Araw","Sarah Geronimo",249826,https://open.spotify.com/track/1KbQcIJWNlL0e9a81k1Fls
103,Perfect,"Ed Sheeran",249655,https://open.spotify.com/track/0tgVpDi06FyKpA1z0VMD4v
104,"This I Promise You",*NSYNC,248581,https://open.spotify.com/track/46n2EGFnPC3tzWCN1Aqe26
105,"Oks Lang","John Roa",246012,https://open.spotify.com/track/6YEO7K4hwGKh7BmNxMMvkc
106,"One Thing Right - feat. Kane Brown",Marshmello,245716,https://open.spotify.com/track/4hPpVbbakQNv8YTHYaOJP4
107,"I'm Yours","Jason Mraz",245330,https://open.spotify.com/track/3S0OXQeoh0w6AY8WQVckRW
108,Lucky,"Jason Mraz",243726,https://open.spotify.com/track/2qLMf6TuEC3ruGJg4SMMN6
109,Leaves,Ben&Ben,243011,https://open.spotify.com/track/6wdCelHrPh7UfliNjwRTUv
110,"Ikaw At Ako","Moira Dela Torre",241961,https://open.spotify.com/track/0gDRtumoR9ZrvAlnniToMz
111,"DDU-DU DDU-DU",BLACKPINK,241568,https://open.spotify.com/track/2aI2k39nfa3KFsa4JclQzw
112,"Eastside (with Halsey & Khalid)","benny blanco",239748,https://open.spotify.com/track/7FGq80cy8juXBCD2nrqdWU
113,"Sa Dulo Ng Walang Hanggan - Sa Ngalan Ng Pag-Ibig Piano Version","December Avenue",239485,https://open.spotify.com/track/1mTROTnvFi7uxGciL319Kb
114,Weak,"Khel Pangilinan",234696,https://open.spotify.com/track/06cUybZMETs4i3yQO1f7p3
115,"The Middle",Zedd,234344,https://open.spotify.com/track/09IStsImFySgyp0pIQdqAc
116,"As If It's Your Last",BLACKPINK,233989,https://open.spotify.com/track/1Zyd6zQnC6XIIzmg3hP7Ot
117,"Only Human","Jonas Brothers",231908,https://open.spotify.com/track/0DiDStADDVh3SvAsoJAFMk
118,"Thick And Thin",LANY,228994,https://open.spotify.com/track/3D110t9ctcoOoylXsc3iR8
119,"You And Me",Lifehouse,225024,https://open.spotify.com/track/0815caqt2Lytro5EIzMufT
120,Ex,Callalily,224969,https://open.spotify.com/track/0GHwNr0lqf8jpc9wesmnHo
121,"Ako Muna","Yeng Constantino",224362,https://open.spotify.com/track/5jLEQLkEU8Sb2fG5UQcwDM
122,Happier,"Ed Sheeran",224145,https://open.spotify.com/track/2RttW7RAu5nOAfq6YFvApB
123,"I Don't Wanna Love You Anymore",LANY,223348,https://open.spotify.com/track/7ArrTJ1LwcGAlEO65LUQ7i
124,Someday,Nina,223148,https://open.spotify.com/track/1MkiRsYBkXbXvdiYvTTiQT
125,Photograph,"Ed Sheeran",222544,https://open.spotify.com/track/6fxVffaTuwjgEk5h9QyRjy
126,Happiness,"Rex Orange County",221207,https://open.spotify.com/track/2rXVtoLBHuXcNB5DVfIc9p
127,"She Will Be Loved - Radio Mix","Maroon 5",219679,https://open.spotify.com/track/4llK75pXNWZz6KAho2Gp16
128,"Can You Feel the Love Tonight",Beyoncé,219171,https://open.spotify.com/track/1zSKtBze2IReYU44W0lDzd
129,"With a Smile","South Border",218336,https://open.spotify.com/track/6XmskR1cMfgys1W7dExmgi
130,Better,Khalid,217535,https://open.spotify.com/track/6zeeWid2sgw4lap2jV61PZ
131,"Money In The Grave (Drake ft. Rick Ross)",Drake,217289,https://open.spotify.com/track/5ry2OE6R2zPQFDO85XkgRb
132,Amatz,"Shanti Dope",216163,https://open.spotify.com/track/59aZ0ioyVrmtdut1KfU5aT
133,Rainbow,"South Border",215357,https://open.spotify.com/track/3ueq4reab02CypseErxvwS
134,"Just the Way You Are","Bruno Mars",212738,https://open.spotify.com/track/7BqBn9nzAq8spo5e7cZ0dJ
135,Starving,"Hailee Steinfeld",212187,https://open.spotify.com/track/6875MeXyCW0wLyT72Eetmo
136,"Back At One","Brian McKnight",211757,https://open.spotify.com/track/6mwA6YiKDjAUG8kWvRRUPh
137,Hiling,"Mark Carpio",210377,https://open.spotify.com/track/6xQs6y6CpDqK9VKCktApEL
138,Sila,SUD,210055,https://open.spotify.com/track/2IMODbij0lZ5CuAjZi0IDE
139,"Beautiful Soul","Jesse McCartney",209670,https://open.spotify.com/track/1HwpWwa6bnqqRhK8agG4RS
140,"Don't Know What To Do",BLACKPINK,209133,https://open.spotify.com/track/1TaQciB8qqRZ9fxWGhS65X
141,"Urong Sulong","Alisson Shore",208826,https://open.spotify.com/track/2KoWHNtJrbE0WxWfQjYjyu
142,"Like I'm Gonna Lose You (feat. John Legend)","Meghan Trainor",208557,https://open.spotify.com/track/2YlZnw2ikdb837oKMKjBkW
143,"So Sick",Ne-Yo,208491,https://open.spotify.com/track/6brl7bwOHmGFkNw3MBqssT
144,"Lost In Japan","Shawn Mendes",208015,https://open.spotify.com/track/79esEXlqqmq0GPz0xQSZTV
145,"A Thousand Miles","Vanessa Carlton",206976,https://open.spotify.com/track/4w1lzcaoZ1IC2K5TwjalRP
146,"214 - From ""Alone/Together""","JM De Guzman",206745,https://open.spotify.com/track/0Fh6hgq979963fIxr2VBF2
147,"Sweet but Psycho","Ava Max",206405,https://open.spotify.com/track/25sgk305KZfyuqVBQIahim
148,"I Want It That Way","Backstreet Boys",206345,https://open.spotify.com/track/47BBI51FKFwOMlIiX6m8ya
149,Iris,"The Goo Goo Dolls",206236,https://open.spotify.com/track/6Qyc6fS4DsZjB2mRW9DsQs
150,"ILYSB - STRIPPED",LANY,206109,https://open.spotify.com/track/3Dkvp3L4w0uJFYfIPa8E9H
151,Shallow,"Lady Gaga",206070,https://open.spotify.com/track/2VxeLyX666F8uXCJ0dZF8B
152,Nadarang,"Shanti Dope",204695,https://open.spotify.com/track/6LJ1p1h5EcMK4VPeCLDSoF
153,"Higher Love",Kygo,204599,https://open.spotify.com/track/6oJ6le65B3SEqPwMRNXWjY
154,"This Feeling","The Chainsmokers",204295,https://open.spotify.com/track/4NBTZtAt1F13VvlSKe6KTl
155,"My Boo",Usher,203339,https://open.spotify.com/track/68vgtRHr7iZHpzGpon6Jlo
156,"Rewrite The Stars","Zac Efron",203254,https://open.spotify.com/track/630sXRhIcfwr2e4RdNtjKN
157,"Old Town Road - Remix","Lil Nas X",202624,https://open.spotify.com/track/6jmZlyf9DxcIoRrjw02YXm
158,"Bleeding Love","Leona Lewis",202474,https://open.spotify.com/track/7wZUrN8oemZfsEd1CGkbXE
159,"Take A Bow - Main",Rihanna,202194,https://open.spotify.com/track/39afswHs17v53znQm1gDTY
160,"Remember The Name (feat. Eminem & 50 Cent)","Ed Sheeran",201729,https://open.spotify.com/track/0AtP8EkGPn6SwxKDaUuXec
161,"'Di Lahat","Donnalyn Bartolome",200569,https://open.spotify.com/track/0Iu5xWN9wtWHp5daIj0Mjb
162,"I Need You More Today","Caleb Santos",200434,https://open.spotify.com/track/761frfZtZ8I2g70UsjFfBK
163,"A Whole New World - From ""Aladdin""","Darren Espanto",197497,https://open.spotify.com/track/3tWw8jEXsPeZh7zZoidKuh
164,"Super Far",LANY,196693,https://open.spotify.com/track/15ahYSiHAIMxAnujlXVtta
165,"Who Do You Love","The Chainsmokers",194178,https://open.spotify.com/track/5QiNbIilmMiMBXvaAlf7lN
166,"Tayo Na Lang Dalawa",Mayonnaise,191673,https://open.spotify.com/track/468iB1VWvEy9ln8M9zdde6
167,"Walang Gana","King Badger",191364,https://open.spotify.com/track/39fwy7Q1spclVNFeu64lgd
168,"A Thousand Years","Christina Perri",191273,https://open.spotify.com/track/6lanRgr6wXibZr8KgzXxBl
169,ILYSB,LANY,188835,https://open.spotify.com/track/2btKtacOXuMtC9WjcNRvAA
170,Closer,"The Chainsmokers",188414,https://open.spotify.com/track/7BKLCZ1jbUBVqRi2FVlTVw
171,SOLO,JENNIE,188397,https://open.spotify.com/track/2wVDWtLKXunswWecARNILj
172,Sa'yo,"Silent Sanctuary",187873,https://open.spotify.com/track/29xs643Q96uQLD8f7SxYYw
173,Breakeven,"The Script",187567,https://open.spotify.com/track/1a1i2IwXnUN0PjllVEhA4B
174,"Close To Me (with Diplo) (feat. Swae Lee)","Ellie Goulding",187445,https://open.spotify.com/track/5JEx7HbmvHQQswJCsoo9rA
175,"Treat You Better","Shawn Mendes",187411,https://open.spotify.com/track/3QGsuHI8jO1Rx4JWLUh9jd
176,"I Think I'm OKAY (with YUNGBLUD & Travis Barker)","Machine Gun Kelly",187288,https://open.spotify.com/track/2gTdDMpNxIRFSiu7HutMCg
177,"Dying Inside To Hold You - From "" All Of You"" Official Soundtrack","Darren Espanto",186238,https://open.spotify.com/track/7xty20N3DMTVOVtDIS2Jov
178,"Your Song (My One and Only You)","Julie Anne San Jose",185908,https://open.spotify.com/track/5Seh4HfqT1mFnRJQswqz51
179,"Heartbeat (BTS World Original Soundtrack)",BTS,184576,https://open.spotify.com/track/5EgYDyMDCi8X0zDydTF7Rb
180,"No One","Alicia Keys",182880,https://open.spotify.com/track/6IwKcFdiRQZOWeYNhUiWIv
181,"Back To You - From 13 Reasons Why – Season 2 Soundtrack","Selena Gomez",181592,https://open.spotify.com/track/4hQ6UGyWQIGJmHSo0J88JW
182,"Before I Let You Go",Freestyle,181282,https://open.spotify.com/track/5T8bLnWG8sg9ER8RKNZbCB
183,"Ikaw Lang",Kiyo,180768,https://open.spotify.com/track/2kRjoaqiyeS0Faus5wKztH
184,BIRTHDAY,SOMI,180372,https://open.spotify.com/track/3jsWXhE5NuPWQ4IHplv2zt
185,Lights,BTS,179692,https://open.spotify.com/track/44vXWYTcdrejrIQZEoHzl8
186,"BLOW (with Chris Stapleton & Bruno Mars)","Ed Sheeran",179233,https://open.spotify.com/track/7hvO2qCwJVZxiyoA7c9i5d
187,Ex,Callalily,179168,https://open.spotify.com/track/7bkAr4WNoTuSjpuh1NRQjm
188,"Big Plans","Why Don't We",179109,https://open.spotify.com/track/6Yx181fZzA0YE2EkUsYruq
189,"When You Say Nothing At All","Ronan Keating",176445,https://open.spotify.com/track/0gcjc7Vt5xtcfmJgf6g2IO
190,"BOOMBAYAH - KR Ver.",BLACKPINK,175678,https://open.spotify.com/track/1qAPA8TooLVEqAZ58fhcrt
191,"Ipagpatawad Mo",Mayonnaise,175009,https://open.spotify.com/track/7aOgo3FixklrEF0FWCgPLX
192,Kontrabida,Pricetagg,173413,https://open.spotify.com/track/31vGGETvC1zlvuhNumTYZB
193,"There's No Way (feat. Julia Michaels)",Lauv,173102,https://open.spotify.com/track/2hnxrRNzF74mdDzpQZQukQ
194,"I Love You 3000","Stephanie Poetri",172434,https://open.spotify.com/track/5DuSzOxHDi1qZycpzIWyhO
195,"break up with your girlfriend, i'm bored","Ariana Grande",169946,https://open.spotify.com/track/4kV4N9D1iKVxx1KLvtTpjS
196,"What is Love?",TWICE,169908,https://open.spotify.com/track/5Ek40FyMPprcvtyZDjqylX
197,"Maybe This Time - From ""Maybe This Time""","Sarah Geronimo",169535,https://open.spotify.com/track/0Dljpp52vCmtXi0E94qjfo
198,"Old Town Road","Lil Nas X",169282,https://open.spotify.com/track/53CJANUxooaqGOtdsBTh7O
199,13,LANY,168488,https://open.spotify.com/track/0WOvSEVpUGkNufX0w0M06F
200,Sandali,Because,168419,https://open.spotify.com/track/0WRSaei4JRI1KTYhMqQh9y
