,,,"Note that these figures are generated using a formula that protects against any artificial inflation of chart positions.",
Position,"Track Name",Artist,Streams,URL
1,"Pauwi Nako",PDL,1932803,https://open.spotify.com/track/2tzAN1L07SNwnOdgOEeuQr
2,"Kahit Ayaw Mo Na","This Band",1697197,https://open.spotify.com/track/5V2AX2WTOHl2FKtftvisV6
3,"Sunflower - Spider-Man: Into the Spider-Verse","Post Malone",1649280,https://open.spotify.com/track/3KkXRkHbMCARz0aVfEt68P
4,Buwan,"juan karlos",1504753,https://open.spotify.com/track/5f9808hpiCpuNyqqdXmpF2
5,Sana,"I Belong to the Zoo",1429003,https://open.spotify.com/track/1X4l4i472kW5ofFP8Xo0x0
6,"Kung 'Di Rin Lang Ikaw","December Avenue",1306847,https://open.spotify.com/track/2BgD4nRyx9EZ5o8YEnjRSV
7,"Hindi Na Nga","This Band",1186118,https://open.spotify.com/track/50hVyhZM4nvizfrQe38F3l
8,"Missin You Crazy",Russ,1085470,https://open.spotify.com/track/4ve2uzqdwnHr20G5YgMMqr
9,"Maybe The Night",Ben&Ben,1073239,https://open.spotify.com/track/1yDiru08Q6omDOGkZMPnei
10,"i'm so tired...",Lauv,1066457,https://open.spotify.com/track/7COXchtUOMd6uIT6HvmRaI
11,"Sa Ngalan Ng Pag-Ibig","December Avenue",1040624,https://open.spotify.com/track/00mBzIWv5gHOYxwuEJXjOG
12,Bulong,"December Avenue",1033527,https://open.spotify.com/track/5nMKJJ5Rl6X1yn58aVeICO
13,"Best Part (feat. Daniel Caesar)",H.E.R.,986797,https://open.spotify.com/track/4OBZT9EnhYIV17t4pGw7ig
14,"Balang Araw","I Belong to the Zoo",983501,https://open.spotify.com/track/5NXdUJ3Z2jhlp2u1cj6f7m
15,"Love Someone","Lukas Graham",913360,https://open.spotify.com/track/3id2EVGKc3eFAMn9nFnB0r
16,"Malibu Nights",LANY,887394,https://open.spotify.com/track/0Eqg0CQ7bK3RQIMPw1A7pl
17,"7 rings","Ariana Grande",873167,https://open.spotify.com/track/6ocbgoVGwYJhOv1GgI9NsF
18,Talk,Khalid,866141,https://open.spotify.com/track/0rTV5WefWd1J3OwIheTzxM
19,"thank u, next","Ariana Grande",865642,https://open.spotify.com/track/3e9HZxeyfWwjeyPAMmWSSQ
20,"Dancing With A Stranger (with Normani)","Sam Smith",847146,https://open.spotify.com/track/6Qs4SXO9dwPj5GKvVOv8Ki
21,Sucker,"Jonas Brothers",818596,https://open.spotify.com/track/4y3OI86AEP6PQoDE6olYhO
22,"Kahit Di Mo Alam","December Avenue",781682,https://open.spotify.com/track/6GIzDc4xBUeYHwubWwTrhC
23,"Kathang Isip",Ben&Ben,781153,https://open.spotify.com/track/3WUEs51GpcvlgU7lehLgLh
24,"214 - From ""Alone/Together""","JM De Guzman",772647,https://open.spotify.com/track/0Fh6hgq979963fIxr2VBF2
25,Dalaga,ALLMO$T,747859,https://open.spotify.com/track/3sm9FJhwOjsdzrfRgIf1ZK
26,"Ikaw At Ako","Moira Dela Torre",730472,https://open.spotify.com/track/0gDRtumoR9ZrvAlnniToMz
27,2002,Anne-Marie,717865,https://open.spotify.com/track/2BgEsaKNfHUdlh97KmvFyo
28,"Without Me",Halsey,688912,https://open.spotify.com/track/5p7ujcrUXASCNwRaWNHR1C
29,"break up with your girlfriend, i'm bored","Ariana Grande",674589,https://open.spotify.com/track/4kV4N9D1iKVxx1KLvtTpjS
30,Happier,Marshmello,673284,https://open.spotify.com/track/2dpaYNEQHiRxtZbfNsse99
31,"bad guy","Billie Eilish",658357,https://open.spotify.com/track/2Fxmhks0bxGSBdJ92vM42m
32,Undecided,"Chris Brown",654905,https://open.spotify.com/track/7uiBocndm12aKbsdnQ3Scx
33,comethru,"Jeremy Zucker",645776,https://open.spotify.com/track/18uwL0vNUanqZH0ro2QcOP
34,"'Di Na Babalik","This Band",644389,https://open.spotify.com/track/5S4T2Pdr8qhetF3UhkwuMj
35,"Beautiful (feat. Camila Cabello)",Bazzi,639676,https://open.spotify.com/track/4VUwkH455At9kENOfzTqmF
36,"Please Me","Cardi B",634344,https://open.spotify.com/track/0PG9fbaaHFHfre2gUVo7AN
37,"Girls Like You (feat. Cardi B)","Maroon 5",609606,https://open.spotify.com/track/7fa9MBXhVfQ8P8Df9OEbD8
38,"Who Do You Love","The Chainsmokers",591000,https://open.spotify.com/track/11cDEev79fPKi6uJCjUhu8
39,"Here With Me",Marshmello,589242,https://open.spotify.com/track/5icOoE6VgqFKohjWWNp0Ac
40,"Sweet but Psycho","Ava Max",558687,https://open.spotify.com/track/25sgk305KZfyuqVBQIahim
41,"Thick And Thin",LANY,502034,https://open.spotify.com/track/3D110t9ctcoOoylXsc3iR8
42,Weak,"Khel Pangilinan",497623,https://open.spotify.com/track/06cUybZMETs4i3yQO1f7p3
43,"Kapit - From ""Alone / Together""","Armi Millare",496375,https://open.spotify.com/track/02GtNoUv85fOPEaCTlpYzr
44,"'Di Na Muli","Janine Teñoso",496312,https://open.spotify.com/track/3VQb0rq27GPX92X53Ni1Lc
45,"My Bad",Khalid,492942,https://open.spotify.com/track/1DUSuNhF8P5vUGNPpQiZa5
46,Mundo,"IV Of Spades",488563,https://open.spotify.com/track/4u8RkgV6P4TLi89SmlUtv8
47,"I Like Me Better",Lauv,487852,https://open.spotify.com/track/2P91MQbaiQOfbiz9VqhqKQ
48,Tagpuan,"Moira Dela Torre",486255,https://open.spotify.com/track/0ztDBQdQmdVZvorSmIjMih
49,"Close To Me (with Diplo) (feat. Swae Lee)","Ellie Goulding",466160,https://open.spotify.com/track/5JEx7HbmvHQQswJCsoo9rA
50,"달라달라 (DALLA DALLA)",ITZY,451703,https://open.spotify.com/track/0GU5GuJQQEnnREO2FxnVPT
51,"Pangako - Recorded at Kodama Studios, Philippines","Silent Sanctuary",445791,https://open.spotify.com/track/5CThcDR9mycL3TjNKQ2qFk
52,"Nobody Knows",Russ,403715,https://open.spotify.com/track/1pNAf6W7POwjOD8x8mWf8G
53,"I Can’t Get Enough (benny blanco, Selena Gomez, J Balvin, Tainy)","benny blanco",402875,https://open.spotify.com/track/1WSGTYKLEpKfNQYYW5Oymt
54,"Bagay Tayo",ALLMO$T,397036,https://open.spotify.com/track/3u9tIlAnygQGNJ5VuSvTfi
55,"Thru These Tears",LANY,395715,https://open.spotify.com/track/7GbAp0HKPQW7WnFJAzMoRk
56,"Pasensya Ka Na","Silent Sanctuary",354345,https://open.spotify.com/track/0YyM8aEdbjGfLWPn6fdcn7
57,"Naaalala Ka / Maging Sino Ka Man (Spotify Jams: OPM Love Songs - Recorded at Kodama Studios, Philippines)","Moira Dela Torre",354076,https://open.spotify.com/track/3efCao3RLbsz52LQ66o8Ac
58,"Sa Susunod Na Lang",PDL,344905,https://open.spotify.com/track/34ob61cxp34Sf7KHK6RnSU
59,"Say You Won't Let Go","James Arthur",339976,https://open.spotify.com/track/5uCax9HTNlzGybIStD3vDh
60,"Dalaga (Stripped)",ALLMO$T,338674,https://open.spotify.com/track/6gXaPCP95gh1hmjecbw4po
61,"Kung Wala Ka",Hale,337714,https://open.spotify.com/track/4JSDhJVmo2UqdF7nxbyenn
62,Sandali,Because,337683,https://open.spotify.com/track/1emnGTAsF4zSaWidgvK08I
63,Dahan,"December Avenue",337253,https://open.spotify.com/track/6BxJLJw228OY5BFerPGl7z
64,"wish you were gay","Billie Eilish",336235,https://open.spotify.com/track/3Fj47GNK2kUF0uaEDgXLaD
65,Tadhana,"Up Dharma Down",334807,https://open.spotify.com/track/6NFKf8vBApSvtzkapYmnVR
66,"Big Plans","Why Don't We",329109,https://open.spotify.com/track/6Yx181fZzA0YE2EkUsYruq
67,IDGAF,"Dua Lipa",324033,https://open.spotify.com/track/76cy1WJvNGJTj78UqeA5zr
68,"Too Good At Goodbyes","Sam Smith",319705,https://open.spotify.com/track/1mXVgsBdtIVeCLJnSnmtdV
69,Migraine,Moonstar88,314858,https://open.spotify.com/track/7sW3f7PqDV7BQ7qqeVBJIA
70,"Bakit Ba Ikaw","Michael Pangilinan",312713,https://open.spotify.com/track/0Vmk6Ebk4QBq7r0VAz2a6s
71,Nadarang,"Shanti Dope",312708,https://open.spotify.com/track/6LJ1p1h5EcMK4VPeCLDSoF
72,"Eastside (with Halsey & Khalid)","benny blanco",310360,https://open.spotify.com/track/7FGq80cy8juXBCD2nrqdWU
73,"Filipina Girl","Billy Crawford",308594,https://open.spotify.com/track/66ZVMnlIAvGM6NIZJ3xweN
74,"This Feeling","The Chainsmokers",307943,https://open.spotify.com/track/4NBTZtAt1F13VvlSKe6KTl
75,SOLO,JENNIE,299602,https://open.spotify.com/track/2wVDWtLKXunswWecARNILj
76,Ex,Callalily,298510,https://open.spotify.com/track/0GHwNr0lqf8jpc9wesmnHo
77,Wow.,"Post Malone",294048,https://open.spotify.com/track/6MWtB6iiXyIwun0YzU6DFP
78,Shallow,"Lady Gaga",290203,https://open.spotify.com/track/2VxeLyX666F8uXCJ0dZF8B
79,"Tell Me Where It Hurts",MYMP,287027,https://open.spotify.com/track/6C2nrsOlb3jOUGcJAmPrTA
80,"Hanggang Kailan - Umuwi Ka Na Baby","Orange & Lemons",285528,https://open.spotify.com/track/5UhpceEr5XmbVwyoIUIRnh
81,"Ang Huling El Bimbo",Eraserheads,282805,https://open.spotify.com/track/135ggzbjOogZ75IQ0LQi8r
82,"Kung Ayaw Mo Wag Mo - Recorded at Kodama Studios, Philippines","IV Of Spades",281868,https://open.spotify.com/track/0BEpSEV02FM1N5gcw2fsJC
83,"You Are The Reason","Calum Scott",280577,https://open.spotify.com/track/69vToJ9BMbbLlFZo7k7A7B
84,"Saturday Nights",Khalid,274439,https://open.spotify.com/track/5kfNriitmkNE8mUbZ7gbq8
85,"The Middle",Zedd,273994,https://open.spotify.com/track/09IStsImFySgyp0pIQdqAc
86,"DDU-DU DDU-DU",BLACKPINK,272932,https://open.spotify.com/track/2aI2k39nfa3KFsa4JclQzw
87,"Oks Lang","John Roa",271386,https://open.spotify.com/track/2wTxJWt2gA9a1Z94dTnPiI
88,"I Don't Wanna Love You Anymore",LANY,269886,https://open.spotify.com/track/7ArrTJ1LwcGAlEO65LUQ7i
89,Magbalik,Callalily,267933,https://open.spotify.com/track/5zMR44ZH4KVZj4FlhTj3SE
90,Better,Khalid,267169,https://open.spotify.com/track/6zeeWid2sgw4lap2jV61PZ
91,Leaves,Ben&Ben,266179,https://open.spotify.com/track/6wdCelHrPh7UfliNjwRTUv
92,"With a Smile","South Border",260916,https://open.spotify.com/track/6XmskR1cMfgys1W7dExmgi
93,"Let Me Down Slowly","Alec Benjamin",260611,https://open.spotify.com/track/2qxmye6gAegTMjLKEBoR3d
94,"Taki Taki (with Selena Gomez, Ozuna & Cardi B)","DJ Snake",256881,https://open.spotify.com/track/4w8niZpiMy6qz1mntFA5uM
95,"There's No Way (feat. Julia Michaels)",Lauv,250573,https://open.spotify.com/track/2hnxrRNzF74mdDzpQZQukQ
96,"Midnight Sky","Unique Salonga",248932,https://open.spotify.com/track/5eFzCfsj3d0yWumdEldZwL
97,"Way Back Home (feat. Conor Maynard) - Sam Feldt Edit",SHAUN,245462,https://open.spotify.com/track/1ZLrDPgR7mvuTco3rQK8Pk
98,"Rewrite The Stars","Zac Efron",245110,https://open.spotify.com/track/630sXRhIcfwr2e4RdNtjKN
99,Perfect,"Ed Sheeran",241552,https://open.spotify.com/track/0tgVpDi06FyKpA1z0VMD4v
100,"Don't Call Me Up",Mabel,239575,https://open.spotify.com/track/5WHTFyqSii0lmT9R21abT8
101,"The Day You Said Goodnight",Hale,232737,https://open.spotify.com/track/0HZ3OUVrGHxttD2EuHqRm3
102,"So Am I","Ava Max",231946,https://open.spotify.com/track/0uUNN1nSoUx1A4fkDCWDQ7
103,"Sa Dulo Ng Walang Hanggan - Sa Ngalan Ng Pag-Ibig Piano Version","December Avenue",230972,https://open.spotify.com/track/1mTROTnvFi7uxGciL319Kb
104,"On My Way","Alan Walker",230520,https://open.spotify.com/track/4n7jnSxVLd8QioibtTDBDq
105,"bury a friend","Billie Eilish",229349,https://open.spotify.com/track/4SSnFejRGlZikf02HLewEF
106,Happier,"Ed Sheeran",228614,https://open.spotify.com/track/2RttW7RAu5nOAfq6YFvApB
107,"Lost In Japan","Shawn Mendes",226688,https://open.spotify.com/track/79esEXlqqmq0GPz0xQSZTV
108,"Maikee's Letters","Just Hush",226623,https://open.spotify.com/track/0aEX0skifH9CAc8HXxShqk
109,"Kiss and Make Up","Dua Lipa",224978,https://open.spotify.com/track/13hvHEstJ4sNbzdroPrPI3
110,"Ngayong Gabi","Al James",223149,https://open.spotify.com/track/5sLGYJOhLP197nmkaRMMEH
111,Akala,Marion,222911,https://open.spotify.com/track/6C3SKl8oJbfjfJBANhuQuu
112,"Love Shot",EXO,222778,https://open.spotify.com/track/33NAYATbWRoo5RuEP30JBZ
113,Sila,SUD,222285,https://open.spotify.com/track/2IMODbij0lZ5CuAjZi0IDE
114,"As If It's Your Last",BLACKPINK,219873,https://open.spotify.com/track/1Zyd6zQnC6XIIzmg3hP7Ot
115,Hiling,"Mark Carpio",219845,https://open.spotify.com/track/6xQs6y6CpDqK9VKCktApEL
116,"Super Far",LANY,215023,https://open.spotify.com/track/15ahYSiHAIMxAnujlXVtta
117,"Shape of My Heart","Backstreet Boys",214078,https://open.spotify.com/track/35o9a4iAfLl5jRmqMX9c1D
118,"Dating Tayo","TJ Monterde",213943,https://open.spotify.com/track/267RumTt5KeLBGl2KWxBL0
119,"Be Alright","Dean Lewis",212404,https://open.spotify.com/track/2H4gf1wLxvYreMj1jcaN0k
120,Sundo,Imago,212052,https://open.spotify.com/track/2OqQDFY4MgzkAoAZ67CscA
121,Lucky,"Jason Mraz",211677,https://open.spotify.com/track/2qLMf6TuEC3ruGJg4SMMN6
122,"One and Only","Parokya Ni Edgar",210481,https://open.spotify.com/track/3OpGUlDmRUXh0NkIYWoIlD
123,CROWN,"TOMORROW X TOGETHER",207709,https://open.spotify.com/track/32h6yQGn4oAhZ0HRsTMX26
124,"I'm Yours","Jason Mraz",207699,https://open.spotify.com/track/3S0OXQeoh0w6AY8WQVckRW
125,Photograph,"Ed Sheeran",207264,https://open.spotify.com/track/6fxVffaTuwjgEk5h9QyRjy
126,"no tears left to cry","Ariana Grande",207209,https://open.spotify.com/track/2qT1uLXPVPzGgFOx4jtEuo
127,"Nandyan Agad Ako","Ex Battalion",206916,https://open.spotify.com/track/2SuTg9SbfgvHOqhZonuu1j
128,"Better Now","Post Malone",205326,https://open.spotify.com/track/7dt6x5M1jzdTEt8oCbisTK
129,"She Will Be Loved - Radio Mix","Maroon 5",204171,https://open.spotify.com/track/4llK75pXNWZz6KAho2Gp16
130,"when the party's over","Billie Eilish",203207,https://open.spotify.com/track/43zdsphuZLzwA9k4DJhU0I
131,Pa-umaga,"Al James",201814,https://open.spotify.com/track/3U8MbjNAP56IrzpbEFn1qN
132,ILYSB,LANY,201385,https://open.spotify.com/track/2btKtacOXuMtC9WjcNRvAA
133,Someday,Nina,200850,https://open.spotify.com/track/1MkiRsYBkXbXvdiYvTTiQT
134,"Psycho (feat. Ty Dolla $ign)","Post Malone",200637,https://open.spotify.com/track/3swc6WTsr7rl9DqQKQA55C
135,"This I Promise You",*NSYNC,200619,https://open.spotify.com/track/2Dp2LRrY71XIfLe3co2Qnh
136,"Kahit Maputi Na Ang Buhok ko - From ""The Hows Of Us""","Moira Dela Torre",200505,https://open.spotify.com/track/7aW2GrNlteWTwQZxX6LNjT
137,"Dying Inside To Hold You - From "" All Of You"" Official Soundtrack","Darren Espanto",197219,https://open.spotify.com/track/7xty20N3DMTVOVtDIS2Jov
138,Happiness,"Rex Orange County",196467,https://open.spotify.com/track/2rXVtoLBHuXcNB5DVfIc9p
139,"ILYSB - STRIPPED",LANY,195271,https://open.spotify.com/track/3Dkvp3L4w0uJFYfIPa8E9H
140,Starving,"Hailee Steinfeld",193321,https://open.spotify.com/track/6875MeXyCW0wLyT72Eetmo
141,"You And Me",Lifehouse,192583,https://open.spotify.com/track/0815caqt2Lytro5EIzMufT
142,"Bohemian Rhapsody - Remastered 2011",Queen,191412,https://open.spotify.com/track/4u7EnebtmKWzUH433cf5Qv
143,Stickwitu,"The Pussycat Dolls",190923,https://open.spotify.com/track/4NjR63Up0uMkQBlKvlZd1l
144,Tagu-Taguan,"Moira Dela Torre",190150,https://open.spotify.com/track/2iOnWSWcChoGmUufbrQ00e
145,Closer,"The Chainsmokers",188496,https://open.spotify.com/track/7BKLCZ1jbUBVqRi2FVlTVw
146,"Rewrite The Stars (with James Arthur & Anne-Marie)","James Arthur",187515,https://open.spotify.com/track/6mQLN3zRtAp6ovjusyYKrV
147,"So Sick",Ne-Yo,187406,https://open.spotify.com/track/6brl7bwOHmGFkNw3MBqssT
148,"Last Hurrah","Bebe Rexha",186664,https://open.spotify.com/track/0i0wnv9UoFdZ5MfuFGQzMy
149,"A Thousand Years","Christina Perri",184245,https://open.spotify.com/track/6lanRgr6wXibZr8KgzXxBl
150,"all the good girls go to hell","Billie Eilish",184148,https://open.spotify.com/track/6IRdLKIyS4p7XNiP8r6rsx
151,Sa'yo,"Silent Sanctuary",182623,https://open.spotify.com/track/29xs643Q96uQLD8f7SxYYw
152,"What Lovers Do","Maroon 5",180846,https://open.spotify.com/track/0WdGQhoAP2LBsqr5Jhit2g
153,Youngblood,"5 Seconds of Summer",180457,https://open.spotify.com/track/2iUXsYOEPhVqEBwsqP70rE
154,"Huling Sayaw - Acoustic",Kamikazee,180323,https://open.spotify.com/track/4UgtdWy4dm7vMVIupUbtMm
155,"Di Makatulog",SUD,179621,https://open.spotify.com/track/2ZiNCGDMapQzMtnPRVOKZI
156,"Just the Way You Are","Bruno Mars",179128,https://open.spotify.com/track/7BqBn9nzAq8spo5e7cZ0dJ
157,"Your Song (My One and Only You)","Julie Anne San Jose",178766,https://open.spotify.com/track/5Seh4HfqT1mFnRJQswqz51
158,"Malaya (Camp Sawi Original Motion Picture Soundtrack)","Moira Dela Torre",176948,https://open.spotify.com/track/6M21eWbEw74XDdoQsNIinq
159,"Forever Young",BLACKPINK,176755,https://open.spotify.com/track/56bHclo7YNvpujMveLElQn
160,"BOOMBAYAH - KR Ver.",BLACKPINK,176605,https://open.spotify.com/track/1qAPA8TooLVEqAZ58fhcrt
161,"Magkunwari ('Di Man Tayo) [TODA One I Love Official Soundtrack]","December Avenue",176548,https://open.spotify.com/track/4yLc803i7qcWx4V2piWPH5
162,"Take A Bow - Main",Rihanna,176441,https://open.spotify.com/track/39afswHs17v53znQm1gDTY
163,Iris,"The Goo Goo Dolls",176198,https://open.spotify.com/track/6Qyc6fS4DsZjB2mRW9DsQs
164,Rainbow,"South Border",175747,https://open.spotify.com/track/3VcVQmMivq2ISfKUmIuvMK
165,Undrunk,FLETCHER,175708,https://open.spotify.com/track/5SHhPFh68OhUmuRPymKX9d
166,"Capital Letters","Hailee Steinfeld",175106,https://open.spotify.com/track/2bllegdYt2WoYdbRZyJ730
167,"Old Town Road","Lil Nas X",173797,https://open.spotify.com/track/53CJANUxooaqGOtdsBTh7O
168,"The Bones","Maren Morris",173677,https://open.spotify.com/track/3npzogdOEiVsieXmmhBepL
169,"No New Friends",Sia,173651,https://open.spotify.com/track/3Y7a0typ6ik1KscmebXd6D
170,Mine,Bazzi,173615,https://open.spotify.com/track/7uzmGiiJyRfuViKKK3lVmR
171,"I Want It That Way","Backstreet Boys",173365,https://open.spotify.com/track/47BBI51FKFwOMlIiX6m8ya
172,"I Don't Belong In This Club","Why Don't We",173080,https://open.spotify.com/track/45ZGEdLxCZvdMX9jWlsAAx
173,"Meant to Be (feat. Florida Georgia Line)","Bebe Rexha",172904,https://open.spotify.com/track/4e4fqjx0Izh4svvTef1z7e
174,"High Hopes","Panic! At The Disco",172461,https://open.spotify.com/track/1rqqCSm0Qe4I9rUvWncaom
175,"Never Not",Lauv,172431,https://open.spotify.com/track/4fFfyouye6vrX9o9z4PVMu
176,Self,Khalid,172230,https://open.spotify.com/track/29uWfSrklmIxzRIqFFK9jj
177,"Bleeding Love","Leona Lewis",171826,https://open.spotify.com/track/7wZUrN8oemZfsEd1CGkbXE
178,"That's What I Like","Bruno Mars",171411,https://open.spotify.com/track/0KKkJNfGyhkQ5aFogxQAPU
179,Breakeven,"The Script",171096,https://open.spotify.com/track/1a1i2IwXnUN0PjllVEhA4B
180,"Like I'm Gonna Lose You (feat. John Legend)","Meghan Trainor",171016,https://open.spotify.com/track/2YlZnw2ikdb837oKMKjBkW
181,"Empty Space","James Arthur",170581,https://open.spotify.com/track/1uru26I2JKd2mQZt0MDCUe
182,"Kill This Love",BLACKPINK,170408,https://open.spotify.com/track/3VHrwffnUZFb7FidvPV3OA
183,"MIDDLE CHILD","J. Cole",169987,https://open.spotify.com/track/2JvzF1RMd7lE3KmFlsyZD8
184,"Ipagpatawad Mo",Mayonnaise,169387,https://open.spotify.com/track/7IqUmDJ2GjaOqrzDCXhrV5
185,"Back To You - From 13 Reasons Why – Season 2 Soundtrack","Selena Gomez",169303,https://open.spotify.com/track/4hQ6UGyWQIGJmHSo0J88JW
186,Demonyo,"juan karlos",169127,https://open.spotify.com/track/1WXs4O7mBxXglHJPwYweHq
187,214,Rivermaya,168554,https://open.spotify.com/track/7gZ3kWNtIxFgxjsm5OTVMB
188,"Let Me Go (with Alesso, Florida Georgia Line & watt)","Hailee Steinfeld",167929,https://open.spotify.com/track/5Gu0PDLN4YJeW75PpBSg9p
189,"I Fall Apart","Post Malone",165934,https://open.spotify.com/track/75ZvA4QfFiZvzhj2xkaWAh
190,Ex,Callalily,165402,https://open.spotify.com/track/7bkAr4WNoTuSjpuh1NRQjm
191,"Versace on the Floor","Bruno Mars",165366,https://open.spotify.com/track/0kN8xEmgMW9mh7UmDYHlJP
192,"Lie To Me (feat. Julia Michaels)","5 Seconds of Summer",165279,https://open.spotify.com/track/6GzApXoBQiiAjak3tOQfV3
193,"Kills You Slowly","The Chainsmokers",165027,https://open.spotify.com/track/1Pz3QmQFBFuI60rxCQBeW6
194,13,LANY,164553,https://open.spotify.com/track/0WOvSEVpUGkNufX0w0M06F
195,"Hanggang Kailan","Michael Pangilinan",163918,https://open.spotify.com/track/01YEqVPCm0vqRLA9w43bic
196,"Isang Araw","Kaye Cal",163760,https://open.spotify.com/track/4fxHK6mhA9vli9NjpBSbGi
197,"Before I Let You Go",Freestyle,163242,https://open.spotify.com/track/1VvFtp71ibaXiHxurBlXuw
198,Prinsesa,6cyclemind,162883,https://open.spotify.com/track/2S80c51YXgJQhkhX603fMA
199,Harana,"Parokya Ni Edgar",161833,https://open.spotify.com/track/3gyEt1vswIEbpQqBs18Lha
200,"Psycho, Pt. 2",Russ,161688,https://open.spotify.com/track/26OhjtaTamFocE08t83ml6
