,,,"Note that these figures are generated using a formula that protects against any artificial inflation of chart positions.",
Position,"Track Name",Artist,Streams,URL
1,"In My Feelings",Drake,2440707,https://open.spotify.com/track/0bAkKNCQfWkexHFn7fIKns
2,"Girls Like You (feat. Cardi B)","Maroon 5",1491106,https://open.spotify.com/track/7fa9MBXhVfQ8P8Df9OEbD8
3,Mundo,"IV Of Spades",1149887,https://open.spotify.com/track/4u8RkgV6P4TLi89SmlUtv8
4,2002,Anne-Marie,1117327,https://open.spotify.com/track/6SFStUDQZNaGPKWOx9ZiJB
5,"'Di Na Muli","Janine Teñoso",1084860,https://open.spotify.com/track/3VQb0rq27GPX92X53Ni1Lc
6,"Kathang Isip",Ben&Ben,1053317,https://open.spotify.com/track/3WUEs51GpcvlgU7lehLgLh
7,Tagpuan,"Moira Dela Torre",978327,https://open.spotify.com/track/0ztDBQdQmdVZvorSmIjMih
8,"DDU-DU DDU-DU - KR Ver.",BLACKPINK,968974,https://open.spotify.com/track/2CWnuF7ht55Ajyeg4WPvWu
9,"Back To You - From 13 Reasons Why – Season 2 Soundtrack","Selena Gomez",874737,https://open.spotify.com/track/4hQ6UGyWQIGJmHSo0J88JW
10,Rise,"Jonas Blue",840506,https://open.spotify.com/track/3u1S1OmAUhx5DRlLrXqyp3
11,"God is a woman","Ariana Grande",813471,https://open.spotify.com/track/7gkWXbAxIYuvtOpcN3p9GJ
12,Nadarang,"Shanti Dope",796308,https://open.spotify.com/track/6LJ1p1h5EcMK4VPeCLDSoF
13,"BBoom BBoom",MOMOLAND,789481,https://open.spotify.com/track/3BPoSr2pO34Aan6alFfVto
14,"Don’t Matter To Me",Drake,775647,https://open.spotify.com/track/36ONiya0OANYknz0GgJmwB
15,"Ocean (feat. Khalid)","Martin Garrix",762122,https://open.spotify.com/track/3nc420PXjTdBV5TN0gCFkS
16,"no tears left to cry","Ariana Grande",753523,https://open.spotify.com/track/5SxkdsY1ufZzoq9iXceLw9
17,13,LANY,682335,https://open.spotify.com/track/0WOvSEVpUGkNufX0w0M06F
18,"Bed (feat. Ariana Grande)","Nicki Minaj",671081,https://open.spotify.com/track/1ZEm9cJC05rawV2tptNfTS
19,"Freaky Friday (feat. Chris Brown)","Lil Dicky",652911,https://open.spotify.com/track/10Igtw8bSDyyFs7KIsKngZ
20,"Let Me",ZAYN,643726,https://open.spotify.com/track/7Fg342AJtNsIDdwCfX0paC
21,IDGAF,"Dua Lipa",638348,https://open.spotify.com/track/76cy1WJvNGJTj78UqeA5zr
22,BAAM,MOMOLAND,618099,https://open.spotify.com/track/4Is1b37KJY9XVCgzp81FBW
23,"The Middle",Zedd,605393,https://open.spotify.com/track/09IStsImFySgyp0pIQdqAc
24,"Solo (feat. Demi Lovato)","Clean Bandit",576541,https://open.spotify.com/track/6kPJZM97LwdG9QIsT7khp6
25,"Lucid Dreams","Juice WRLD",569789,https://open.spotify.com/track/0s3nnoMeVWz3989MkNQiRf
26,"One Kiss (with Dua Lipa)","Calvin Harris",562793,https://open.spotify.com/track/7ef4DlsgrMEH11cDZd32M6
27,Youngblood,"5 Seconds of Summer",546315,https://open.spotify.com/track/2iUXsYOEPhVqEBwsqP70rE
28,"Sa Ngalan Ng Pag-Ibig","December Avenue",545482,https://open.spotify.com/track/00mBzIWv5gHOYxwuEJXjOG
29,Enemies,Lauv,527123,https://open.spotify.com/track/3JJYIoJ5FyY9E0DGjr7SXF
30,Tagu-Taguan,"Moira Dela Torre",517869,https://open.spotify.com/track/2iOnWSWcChoGmUufbrQ00e
31,"Better Now","Post Malone",511313,https://open.spotify.com/track/7dt6x5M1jzdTEt8oCbisTK
32,"Born To Be Yours",Kygo,510486,https://open.spotify.com/track/0kHyKhJMukHEPfeh8s7rdM
33,"Playinwitme (feat. Kehlani)",KYLE,505556,https://open.spotify.com/track/4F1yvJfQ7gJkrcgFJQDjOr
34,Entertainer,ZAYN,489112,https://open.spotify.com/track/5LTGmestwpHZ1BfCmpFQJx
35,Mau,"Shanti Dope",481866,https://open.spotify.com/track/0BkKdJSpKqzYLEneerSHq3
36,Somebody,"The Chainsmokers",466214,https://open.spotify.com/track/3pWcj8hxj3fsb9TDAcMpEl
37,"Summertime Magic","Childish Gambino",462253,https://open.spotify.com/track/4j3GWI86JvSaF0BLdmgcfF
38,Tadhana,"Up Dharma Down",461975,https://open.spotify.com/track/6NFKf8vBApSvtzkapYmnVR
39,"I'm a Mess","Bebe Rexha",459524,https://open.spotify.com/track/04ZTP5KsCypmtCmQg5tH9R
40,Happier,"Ed Sheeran",457130,https://open.spotify.com/track/2RttW7RAu5nOAfq6YFvApB
41,"In My Prison","IV Of Spades",455610,https://open.spotify.com/track/4Q6GncsjUTwWoQO6nsdyA6
42,"Say You Won't Let Go","James Arthur",455394,https://open.spotify.com/track/5uCax9HTNlzGybIStD3vDh
43,"Too Good At Goodbyes","Sam Smith",445697,https://open.spotify.com/track/1mXVgsBdtIVeCLJnSnmtdV
44,Mine,Bazzi,444995,https://open.spotify.com/track/7uzmGiiJyRfuViKKK3lVmR
45,OTW,Khalid,438559,https://open.spotify.com/track/6Hgh47WXVKtXN5zGOu0hjI
46,"Thru These Tears",LANY,437951,https://open.spotify.com/track/4gB61mP4tNChn4LgfquMhi
47,Connection,OneRepublic,409280,https://open.spotify.com/track/3T4UodGkfZObJ43RtA5KFU
48,"Rewrite The Stars","Zac Efron",404469,https://open.spotify.com/track/630sXRhIcfwr2e4RdNtjKN
49,"Strawberries & Cigarettes","Troye Sivan",403025,https://open.spotify.com/track/2z7UKVsBdbA7HFPunDKDP4
50,"These Days (feat. Jess Glynne, Macklemore & Dan Caplen)",Rudimental,399717,https://open.spotify.com/track/5CLGzJsGqhCEECcpnFQA8x
51,Migraine,Moonstar88,389572,https://open.spotify.com/track/7sW3f7PqDV7BQ7qqeVBJIA
52,"You Are The Reason","Calum Scott",386013,https://open.spotify.com/track/69vToJ9BMbbLlFZo7k7A7B
53,"Oks Lang","John Roa",375751,https://open.spotify.com/track/2wTxJWt2gA9a1Z94dTnPiI
54,"FOREVER YOUNG - KR Ver.",BLACKPINK,371493,https://open.spotify.com/track/57Enap29zKl7NGRdDJjkjA
55,FRIENDS,Marshmello,366139,https://open.spotify.com/track/08bNPGLD8AhKpnnERrAc6G
56,"I Like It","Cardi B",365897,https://open.spotify.com/track/58q2HKrzhC3ozto2nDdN4z
57,"Taste (feat. Offset)",Tyga,360956,https://open.spotify.com/track/5IaHrVsrferBYDm0bDyABy
58,"Psycho (feat. Ty Dolla $ign)","Post Malone",355208,https://open.spotify.com/track/3swc6WTsr7rl9DqQKQA55C
59,"Kung Wala Ka",Hale,354503,https://open.spotify.com/track/4JSDhJVmo2UqdF7nxbyenn
60,"Jackie Chan",Tiësto,344096,https://open.spotify.com/track/4kWO6O1BUXcZmaxitpVUwp
61,"lovely (with Khalid)","Billie Eilish",343553,https://open.spotify.com/track/0u2P5u6lvoDfwTYjAADbn4
62,Pa-Umaga,"Al James",342776,https://open.spotify.com/track/1bvPjHWOc5C8nHkw5U2Vb4
63,Perfect,"Ed Sheeran",333925,https://open.spotify.com/track/0tgVpDi06FyKpA1z0VMD4v
64,"Eastside (with Halsey & Khalid)","benny blanco",324717,https://open.spotify.com/track/0d2iYfpKoM0QCKvcLCkBao
65,"God's Plan",Drake,320449,https://open.spotify.com/track/2VWbHHhWnMzKWPUs4IEEW9
66,"I Like Me Better",Lauv,317298,https://open.spotify.com/track/2P91MQbaiQOfbiz9VqhqKQ
67,"Pasensya Ka Na","Silent Sanctuary",307561,https://open.spotify.com/track/0YyM8aEdbjGfLWPn6fdcn7
68,"Dying Inside To Hold You - From "" All Of You"" Official Soundtrack","Darren Espanto",305219,https://open.spotify.com/track/7xty20N3DMTVOVtDIS2Jov
69,Nonstop,Drake,304257,https://open.spotify.com/track/2Vx8E3K5icPZR7OCklWBXX
70,"Malaya (Camp Sawi Original Motion Picture Soundtrack)","Moira Dela Torre",302729,https://open.spotify.com/track/6M21eWbEw74XDdoQsNIinq
71,SAD!,XXXTENTACION,299910,https://open.spotify.com/track/3ee8Jmje8o58CHK66QrVC2
72,"We & Us","Moira Dela Torre",295579,https://open.spotify.com/track/5hyhR9TYBcSnmpSEl455eK
73,"Best Part (feat. Daniel Caesar)",H.E.R.,291589,https://open.spotify.com/track/4OBZT9EnhYIV17t4pGw7ig
74,Hiling,"Mark Carpio",291236,https://open.spotify.com/track/6xQs6y6CpDqK9VKCktApEL
75,"Havana (feat. Young Thug)","Camila Cabello",285733,https://open.spotify.com/track/1rfofaqEpACxVEHIZBJe6W
76,"Why Can't It Be","Kaye Cal",283377,https://open.spotify.com/track/0zFYa7NIpKhmom8zrZx7Ga
77,Shantidope,"Shanti Dope",280845,https://open.spotify.com/track/6X7eJp4lv4ZeTkWor2wHLz
78,"Only You (with Little Mix)","Cheat Codes",279693,https://open.spotify.com/track/54l9GJGQ1UCFKe2tzt1Vxt
79,"Tell Me Where It Hurts",MYMP,279329,https://open.spotify.com/track/6C2nrsOlb3jOUGcJAmPrTA
80,"Super Far",LANY,278994,https://open.spotify.com/track/15ahYSiHAIMxAnujlXVtta
81,Dura,"Daddy Yankee",276801,https://open.spotify.com/track/6KuqAtoeVzxAYOaMveLNpH
82,Magbalik,Callalily,276220,https://open.spotify.com/track/5zMR44ZH4KVZj4FlhTj3SE
83,"With a Smile","South Border",276171,https://open.spotify.com/track/6XmskR1cMfgys1W7dExmgi
84,"Take A Bow - Main",Rihanna,275421,https://open.spotify.com/track/39afswHs17v53znQm1gDTY
85,Torete,"Moira Dela Torre",272696,https://open.spotify.com/track/7mxm4xOU54u1ODM9fS9w2y
86,"Dance The Night Away",TWICE,266789,https://open.spotify.com/track/281tmNk46TBQS9ACYMLYyA
87,"Hanggang Kailan","Michael Pangilinan",266278,https://open.spotify.com/track/01YEqVPCm0vqRLA9w43bic
88,"The Scientist",Coldplay,258777,https://open.spotify.com/track/75JFxkI2RXiU7L9VXzMkle
89,Photograph,"Ed Sheeran",256552,https://open.spotify.com/track/6fxVffaTuwjgEk5h9QyRjy
90,"New Rules","Dua Lipa",255811,https://open.spotify.com/track/2ekn2ttSfGqwhhate0LSR0
91,"I'm Yours","Jason Mraz",255082,https://open.spotify.com/track/3S0OXQeoh0w6AY8WQVckRW
92,"The Day You Said Goodnight - Acoustic Version",Hale,254386,https://open.spotify.com/track/6CHpr3pY2MbJ5y1076UDnI
93,"Maybe The Night",Ben&Ben,249060,https://open.spotify.com/track/1yDiru08Q6omDOGkZMPnei
94,"FAKE LOVE",BTS,241588,https://open.spotify.com/track/3aW0ds4A4tSQDIp75FqWTo
95,"So Sick",Ne-Yo,240327,https://open.spotify.com/track/6brl7bwOHmGFkNw3MBqssT
96,Iris,"The Goo Goo Dolls",238942,https://open.spotify.com/track/6Qyc6fS4DsZjB2mRW9DsQs
97,changes,XXXTENTACION,237905,https://open.spotify.com/track/7AFASza1mXqntmGtbxXprO
98,"Two Less Lonely People in the World (Official Movie Theme Song Of ""Kita Kita"")","KZ Tandingan",237452,https://open.spotify.com/track/46ixegtxjERQMCutmp09Sa
99,"Let Me Be the One","Julie Anne San Jose",237340,https://open.spotify.com/track/39V6cEoNFwDFRJEOKyj4OR
100,ILYSB,LANY,236594,https://open.spotify.com/track/2btKtacOXuMtC9WjcNRvAA
101,"Midnight Sky","Unique Salonga",234103,https://open.spotify.com/track/2Uj9aeKOXPx4cgHrcd9401
102,"'Di Na Muli",Itchyworms,231877,https://open.spotify.com/track/0rkML0CSX3wteVwUh5cspv
103,"One and Only","Parokya Ni Edgar",230164,https://open.spotify.com/track/3OpGUlDmRUXh0NkIYWoIlD
104,Sundo,"Moira Dela Torre",227360,https://open.spotify.com/track/4SN0eYjvqBmElFQxP0Inys
105,"Shape of You","Ed Sheeran",226655,https://open.spotify.com/track/7qiZfU4dY1lWllzX7mPBI3
106,"If You're Over Me","Years & Years",226552,https://open.spotify.com/track/1oc3jna2ablnfIKLYbKujl
107,Sila,SUD,226108,https://open.spotify.com/track/2IMODbij0lZ5CuAjZi0IDE
108,"What Lovers Do (feat. SZA)","Maroon 5",221999,https://open.spotify.com/track/0GxQ1A5L9xnMOytbP6eKBG
109,"Your Love - Dolce Amore Teleserye Theme",Juris,221910,https://open.spotify.com/track/2PcbtMoqOlGSzOfyJlkB06
110,Leaves,Ben&Ben,221496,https://open.spotify.com/track/6wdCelHrPh7UfliNjwRTUv
111,"I'm Not The Only One","Sam Smith",218828,https://open.spotify.com/track/7795WJLVKJoAyVoOtCWqXN
112,Closer,"The Chainsmokers",218284,https://open.spotify.com/track/7BKLCZ1jbUBVqRi2FVlTVw
113,"Hanggang Kailan - Umuwi Ka Na Baby","Orange & Lemons",218148,https://open.spotify.com/track/5UhpceEr5XmbVwyoIUIRnh
114,"Capital Letters","Hailee Steinfeld",217780,https://open.spotify.com/track/2bllegdYt2WoYdbRZyJ730
115,"Nothing's Gonna Stop Us Now - From ""Crazy Beautiful You""",Morissette,217725,https://open.spotify.com/track/1qoXYfWILyuN0EatImGlma
116,"Meron Nang Iba","Silent Sanctuary",217038,https://open.spotify.com/track/4r7vGTk9HCW7YDorNWoclF
117,Body,"Loud Luxury",214045,https://open.spotify.com/track/43V1z6QToNNWNldV4FEG6r
118,"Like I'm Gonna Lose You (feat. John Legend)","Meghan Trainor",213274,https://open.spotify.com/track/2YlZnw2ikdb837oKMKjBkW
119,"Maybe This Time - From ""Maybe This Time""","Sarah Geronimo",213127,https://open.spotify.com/track/0Dljpp52vCmtXi0E94qjfo
120,"Boo'd Up","Ella Mai",212226,https://open.spotify.com/track/0At2qAoaVjIwWNAqrscXli
121,APESHIT,"The Carters",212086,https://open.spotify.com/track/0E6PsO3ymCfUh7pJQjBgkj
122,"Meant to Be (feat. Florida Georgia Line)","Bebe Rexha",210947,https://open.spotify.com/track/4e4fqjx0Izh4svvTef1z7e
123,"Before I Let You Go",Freestyle,210922,https://open.spotify.com/track/1VvFtp71ibaXiHxurBlXuw
124,Sa'yo,"Silent Sanctuary",209610,https://open.spotify.com/track/29xs643Q96uQLD8f7SxYYw
125,"As If It's Your Last",BLACKPINK,208973,https://open.spotify.com/track/1Zyd6zQnC6XIIzmg3hP7Ot
126,"REALLY - KR Ver.",BLACKPINK,207247,https://open.spotify.com/track/7AWtaOSb7cgi16wJr3mkuf
127,"Hayaan Mo Sila","Ex Battalion",206802,https://open.spotify.com/track/7MrDfa1uQGVXx0JMZ2u5tN
128,"Huling Sayaw - Acoustic",Kamikazee,206644,https://open.spotify.com/track/4UgtdWy4dm7vMVIupUbtMm
129,"Di Makatulog",SUD,203694,https://open.spotify.com/track/2ZiNCGDMapQzMtnPRVOKZI
130,"Ang Huling El Bimbo",Eraserheads,202324,https://open.spotify.com/track/135ggzbjOogZ75IQ0LQi8r
131,"Don't Know What To Do (Don't Know What To Say)","Mark Carpio",201843,https://open.spotify.com/track/1ER60P43ftVOLaMRvBfpnt
132,Dive,"Ed Sheeran",199729,https://open.spotify.com/track/51ChrwmUPDJvedPQnIU8Ls
133,"This Is Me","Keala Settle",199410,https://open.spotify.com/track/2xGjteMU3E1tkEPVFBO08U
134,"So Slow",Freestyle,199328,https://open.spotify.com/track/1A40ESJJPEEJrqjC9BUO2B
135,"Let Me Down Slowly","Alec Benjamin",198593,https://open.spotify.com/track/2uaiyLKnYvazyfR0Ky3Kbk
136,Harana,"Parokya Ni Edgar",198465,https://open.spotify.com/track/3gyEt1vswIEbpQqBs18Lha
137,"She Will Be Loved - Radio Mix","Maroon 5",197628,https://open.spotify.com/track/4llK75pXNWZz6KAho2Gp16
138,"You And Me",Lifehouse,196355,https://open.spotify.com/track/0815caqt2Lytro5EIzMufT
139,"Perfect Duet (Ed Sheeran & Beyoncé)","Ed Sheeran",196025,https://open.spotify.com/track/1bhUWB0zJMIKr9yVPrkEuI
140,"New Light","John Mayer",195940,https://open.spotify.com/track/40FLJc17FMZaPmCQEEZgB0
141,"Never Not",Lauv,195438,https://open.spotify.com/track/4fFfyouye6vrX9o9z4PVMu
142,Rainbow,"South Border",194644,https://open.spotify.com/track/3VcVQmMivq2ISfKUmIuvMK
143,"Done for Me","Charlie Puth",193542,https://open.spotify.com/track/1lsBTdE6MGsKeZCD6llNu7
144,"Ipagpatawad Mo",Mayonnaise,192535,https://open.spotify.com/track/7IqUmDJ2GjaOqrzDCXhrV5
145,"What is Love?",TWICE,191089,https://open.spotify.com/track/5Ek40FyMPprcvtyZDjqylX
146,"I Fall Apart","Post Malone",189613,https://open.spotify.com/track/75ZvA4QfFiZvzhj2xkaWAh
147,"Collide - Acoustic Version","Howie Day",188241,https://open.spotify.com/track/5rwq6R0Uq0BngM3rdmCeNg
148,"Beautiful Soul","Jesse McCartney",188029,https://open.spotify.com/track/1HwpWwa6bnqqRhK8agG4RS
149,"A Million Dreams","Ziv Zaifman",187800,https://open.spotify.com/track/0RoA7ObU6phWpqhlC9zH4Z
150,"I'll Never Go","Erik Santos",187275,https://open.spotify.com/track/4ub59HeXqdYApJtkJqnvXE
151,"Pusong Ligaw","Jericho Rosales",186990,https://open.spotify.com/track/14pj36HKHd6c72njvGVPWU
152,"That's What I Like","Bruno Mars",185608,https://open.spotify.com/track/0KKkJNfGyhkQ5aFogxQAPU
153,"The Man Who Can't Be Moved","The Script",185571,https://open.spotify.com/track/67EY6aDoIx8czEPS6a2AaI
154,"Never Enough","Loren Allred",185518,https://open.spotify.com/track/0Gl5s8IhMmQE5YQwM8Qx1J
155,"Nice For What",Drake,185063,https://open.spotify.com/track/0HVv5bEOiI9a0QfgcASXpX
156,Stickwitu,"The Pussycat Dolls",185058,https://open.spotify.com/track/4NjR63Up0uMkQBlKvlZd1l
157,Ex,Callalily,182582,https://open.spotify.com/track/0GHwNr0lqf8jpc9wesmnHo
158,"ILYSB - STRIPPED",LANY,182276,https://open.spotify.com/track/3Dkvp3L4w0uJFYfIPa8E9H
159,"Out of My League","Stephen Speaks",181909,https://open.spotify.com/track/2PkQeKapTNUjwpKLf8aJlq
160,"Versace on the Floor","Bruno Mars",181656,https://open.spotify.com/track/0kN8xEmgMW9mh7UmDYHlJP
161,Stars,Callalily,181485,https://open.spotify.com/track/6aDYL0klsShJ1NDScruk2G
162,"Love Lies (with Normani)",Khalid,180865,https://open.spotify.com/track/45Egmo7icyopuzJN0oMEdk
163,"Like To Be You feat. Julia Michaels","Shawn Mendes",180255,https://open.spotify.com/track/5QskYLFPX9y7pLU0VEMNbr
164,"Never Be the Same","Camila Cabello",180219,https://open.spotify.com/track/4eWQlBRaTjPPUlzacqEeoQ
165,Breakeven,"The Script",179767,https://open.spotify.com/track/1a1i2IwXnUN0PjllVEhA4B
166,"A Thousand Years","Christina Perri",178137,https://open.spotify.com/track/6lanRgr6wXibZr8KgzXxBl
167,Prinsesa,6cyclemind,177851,https://open.spotify.com/track/2S80c51YXgJQhkhX603fMA
168,"Finesse - Remix; feat. Cardi B","Bruno Mars",175957,https://open.spotify.com/track/3Vo4wInECJQuz9BIBMOu8i
169,"You Are My Sunshine","Moira Dela Torre",174228,https://open.spotify.com/track/4hEcAsNF6RG9VCV7xElgCG
170,"Till My Heartaches End - From ""The Significant Other""","KZ Tandingan",172741,https://open.spotify.com/track/4isDU5tDNqFLQ5xQ9NgPmz
171,"High Hopes","Panic! At The Disco",172526,https://open.spotify.com/track/1rqqCSm0Qe4I9rUvWncaom
172,Bulong,"December Avenue",171572,https://open.spotify.com/track/5nMKJJ5Rl6X1yn58aVeICO
173,Hooked,"Why Don't We",169576,https://open.spotify.com/track/0kg36eEw4un3UwGvnf93xT
174,"ocean eyes","Billie Eilish",167973,https://open.spotify.com/track/7hDVYcQq6MxkdJGweuCtl9
175,"SEE U LATER - KR Ver.",BLACKPINK,166638,https://open.spotify.com/track/514mQDPkXmPzsYwGNmkBJZ
176,Titibo-Tibo,"Moira Dela Torre",166477,https://open.spotify.com/track/7MOX9rPYtyOVUr1sG540xs
177,"More Than Words",Extreme,165206,https://open.spotify.com/track/1gVgkQFOKa8Wc1HYsJtPdH
178,"Young Dumb & Broke",Khalid,163807,https://open.spotify.com/track/5Z3GHaZ6ec9bsiI5BenrbY
179,"LOVE SCENARIO",iKON,163137,https://open.spotify.com/track/6qAzAmPBUpGrk7XADZHR5k
180,"Chasing Cars","Snow Patrol",161939,https://open.spotify.com/track/11bD1JtSjlIgKgZG2134DZ
181,"Jocelyn Flores",XXXTENTACION,161013,https://open.spotify.com/track/7m9OqQk4RVRkw9JJdeAw96
182,"all the kids are depressed","Jeremy Zucker",160820,https://open.spotify.com/track/75ls0gurX68lUmMjE7QcsE
183,"Ngayong Gabi","Al James",160755,https://open.spotify.com/track/5sLGYJOhLP197nmkaRMMEH
184,"Slow Hands","Niall Horan",160264,https://open.spotify.com/track/2cOUlop2ZakjOKe4WinesN
185,Audio,Sia,159420,https://open.spotify.com/track/7boPPE857KEqCIHNwFkDop
186,"Just the Way You Are","Bruno Mars",158936,https://open.spotify.com/track/7BqBn9nzAq8spo5e7cZ0dJ
187,"rockstar (feat. 21 Savage)","Post Malone",158534,https://open.spotify.com/track/0e7ipj03S05BNilyu5bRzt
188,Nevermind,"Dennis Lloyd",158432,https://open.spotify.com/track/63SevszngYpZOwf63o61K4
189,"2002 - Acoustic","Amber Leigh Irish",157752,https://open.spotify.com/track/67hLk2IWPV2kHXlbP8I79Q
190,"Your Song - My One and Only You","Julie Anne San Jose",157090,https://open.spotify.com/track/311a0P87ZiMjjCaoQSZEfh
191,"Wherever You Will Go","The Calling",156990,https://open.spotify.com/track/5QpaGzWp0hwB5faV8dkbAz
192,"True Colors","Anna Kendrick",156124,https://open.spotify.com/track/2ORrgw8M0ZbrFlm5cpaKCv
193,"When You Say Nothing At All",Boyzone,155821,https://open.spotify.com/track/4In8AR7usFmBDCWLfuEb92
194,Starving,"Hailee Steinfeld",155492,https://open.spotify.com/track/6875MeXyCW0wLyT72Eetmo
195,"Let Her Go",Passenger,155320,https://open.spotify.com/track/2jyjhRf6DVbMPU5zxagN2h
196,"Bakit Ba Ikaw","Michael Pangilinan",154742,https://open.spotify.com/track/0Vmk6Ebk4QBq7r0VAz2a6s
197,"It Might Be You - Theme from Everyday I Love You","Michael Pangilinan",153520,https://open.spotify.com/track/4FdQYoWFym37QDQ2GkEHi1
198,"A Thousand Miles","Vanessa Carlton",153139,https://open.spotify.com/track/4w1lzcaoZ1IC2K5TwjalRP
199,Lucky,"Jason Mraz",152011,https://open.spotify.com/track/2qLMf6TuEC3ruGJg4SMMN6
200,Flames,"David Guetta",151899,https://open.spotify.com/track/33IOhptvC2Qoy2UhjiHXLV
