,,,"Note that these figures are generated using a formula that protects against any artificial inflation of chart positions.",
Position,"Track Name",Artist,Streams,URL
1,"In My Feelings",Drake,2280966,https://open.spotify.com/track/2G7V7zsVDxg1yRsu7Ew9RJ
2,"Girls Like You (feat. Cardi B)","Maroon 5",1397739,https://open.spotify.com/track/7fa9MBXhVfQ8P8Df9OEbD8
3,"Kathang Isip",Ben&Ben,1136758,https://open.spotify.com/track/3WUEs51GpcvlgU7lehLgLh
4,"Thru These Tears",LANY,1131126,https://open.spotify.com/track/4gB61mP4tNChn4LgfquMhi
5,Mundo,"IV Of Spades",1104338,https://open.spotify.com/track/4u8RkgV6P4TLi89SmlUtv8
6,2002,Anne-Marie,1054664,https://open.spotify.com/track/6SFStUDQZNaGPKWOx9ZiJB
7,"'Di Na Muli","Janine Teñoso",1046014,https://open.spotify.com/track/3VQb0rq27GPX92X53Ni1Lc
8,Rise,"Jonas Blue",957905,https://open.spotify.com/track/3u1S1OmAUhx5DRlLrXqyp3
9,"Kung 'Di Rin Lang Ikaw","December Avenue",925684,https://open.spotify.com/track/2BgD4nRyx9EZ5o8YEnjRSV
10,"DDU-DU DDU-DU - KR Ver.",BLACKPINK,920210,https://open.spotify.com/track/2CWnuF7ht55Ajyeg4WPvWu
11,Tagpuan,"Moira Dela Torre",888716,https://open.spotify.com/track/0ztDBQdQmdVZvorSmIjMih
12,"God is a woman","Ariana Grande",847512,https://open.spotify.com/track/7gkWXbAxIYuvtOpcN3p9GJ
13,"Eastside (with Halsey & Khalid)","benny blanco",806228,https://open.spotify.com/track/0d2iYfpKoM0QCKvcLCkBao
14,"BBoom BBoom",MOMOLAND,749270,https://open.spotify.com/track/3BPoSr2pO34Aan6alFfVto
15,"Sa Ngalan Ng Pag-Ibig","December Avenue",730696,https://open.spotify.com/track/00mBzIWv5gHOYxwuEJXjOG
16,"Ocean (feat. Khalid)","Martin Garrix",709281,https://open.spotify.com/track/3nc420PXjTdBV5TN0gCFkS
17,BAAM,MOMOLAND,706625,https://open.spotify.com/track/4Is1b37KJY9XVCgzp81FBW
18,"Back To You - From 13 Reasons Why – Season 2 Soundtrack","Selena Gomez",679905,https://open.spotify.com/track/4hQ6UGyWQIGJmHSo0J88JW
19,"Freaky Friday (feat. Chris Brown)","Lil Dicky",672727,https://open.spotify.com/track/10Igtw8bSDyyFs7KIsKngZ
20,"No Brainer","DJ Khaled",645819,https://open.spotify.com/track/5WvAo7DNuPRmk4APhdPzi8
21,"I'm a Mess","Bebe Rexha",626820,https://open.spotify.com/track/04ZTP5KsCypmtCmQg5tH9R
22,Enemies,Lauv,617394,https://open.spotify.com/track/3JJYIoJ5FyY9E0DGjr7SXF
23,Nadarang,"Shanti Dope",611335,https://open.spotify.com/track/6LJ1p1h5EcMK4VPeCLDSoF
24,IDGAF,"Dua Lipa",571003,https://open.spotify.com/track/76cy1WJvNGJTj78UqeA5zr
25,"Happy Now",Zedd,540375,https://open.spotify.com/track/4keoy2fqgwGnbWlm3ZVZFa
26,"The Middle",Zedd,534005,https://open.spotify.com/track/09IStsImFySgyp0pIQdqAc
27,13,LANY,529172,https://open.spotify.com/track/0WOvSEVpUGkNufX0w0M06F
28,"Solo (feat. Demi Lovato)","Clean Bandit",526477,https://open.spotify.com/track/6kPJZM97LwdG9QIsT7khp6
29,Happier,"Ed Sheeran",523933,https://open.spotify.com/track/2RttW7RAu5nOAfq6YFvApB
30,Connection,OneRepublic,510807,https://open.spotify.com/track/3T4UodGkfZObJ43RtA5KFU
31,Youngblood,"5 Seconds of Summer",505629,https://open.spotify.com/track/2iUXsYOEPhVqEBwsqP70rE
32,"Bed (feat. Ariana Grande)","Nicki Minaj",490885,https://open.spotify.com/track/1ZEm9cJC05rawV2tptNfTS
33,Tadhana,"Up Dharma Down",490194,https://open.spotify.com/track/6NFKf8vBApSvtzkapYmnVR
34,"Lucid Dreams","Juice WRLD",485066,https://open.spotify.com/track/0s3nnoMeVWz3989MkNQiRf
35,"no tears left to cry","Ariana Grande",484822,https://open.spotify.com/track/5SxkdsY1ufZzoq9iXceLw9
36,"Born To Be Yours",Kygo,475472,https://open.spotify.com/track/0kHyKhJMukHEPfeh8s7rdM
37,"Let Me",ZAYN,473528,https://open.spotify.com/track/7Fg342AJtNsIDdwCfX0paC
38,"Only You (with Little Mix)","Cheat Codes",470108,https://open.spotify.com/track/54l9GJGQ1UCFKe2tzt1Vxt
39,"Playinwitme (feat. Kehlani)",KYLE,465107,https://open.spotify.com/track/4F1yvJfQ7gJkrcgFJQDjOr
40,Tagu-Taguan,"Moira Dela Torre",461796,https://open.spotify.com/track/2iOnWSWcChoGmUufbrQ00e
41,"Don’t Matter To Me (with Michael Jackson)",Drake,439542,https://open.spotify.com/track/6G8kHiVZ1jW7vHMPVRNZU0
42,"Too Good At Goodbyes","Sam Smith",436494,https://open.spotify.com/track/1mXVgsBdtIVeCLJnSnmtdV
43,"Say You Won't Let Go","James Arthur",423643,https://open.spotify.com/track/5uCax9HTNlzGybIStD3vDh
44,Mau,"Shanti Dope",415414,https://open.spotify.com/track/0BkKdJSpKqzYLEneerSHq3
45,Mine,Bazzi,405208,https://open.spotify.com/track/7uzmGiiJyRfuViKKK3lVmR
46,Migraine,Moonstar88,392543,https://open.spotify.com/track/7sW3f7PqDV7BQ7qqeVBJIA
47,"Strawberries & Cigarettes","Troye Sivan",392533,https://open.spotify.com/track/2z7UKVsBdbA7HFPunDKDP4
48,Entertainer,ZAYN,391546,https://open.spotify.com/track/5LTGmestwpHZ1BfCmpFQJx
49,"Oks Lang","John Roa",386780,https://open.spotify.com/track/2wTxJWt2gA9a1Z94dTnPiI
50,"Kung Wala Ka",Hale,370549,https://open.spotify.com/track/4JSDhJVmo2UqdF7nxbyenn
51,"Midnight Sky","Unique Salonga",367215,https://open.spotify.com/track/2Uj9aeKOXPx4cgHrcd9401
52,"You Are The Reason","Calum Scott",365778,https://open.spotify.com/track/69vToJ9BMbbLlFZo7k7A7B
53,"Taste (feat. Offset)",Tyga,359686,https://open.spotify.com/track/5IaHrVsrferBYDm0bDyABy
54,Pa-Umaga,"Al James",352528,https://open.spotify.com/track/1bvPjHWOc5C8nHkw5U2Vb4
55,"I Like It","Cardi B",349546,https://open.spotify.com/track/58q2HKrzhC3ozto2nDdN4z
56,"Rewrite The Stars","Zac Efron",348947,https://open.spotify.com/track/630sXRhIcfwr2e4RdNtjKN
57,"Psycho (feat. Ty Dolla $ign)","Post Malone",328794,https://open.spotify.com/track/3swc6WTsr7rl9DqQKQA55C
58,"Pasensya Ka Na","Silent Sanctuary",322964,https://open.spotify.com/track/0YyM8aEdbjGfLWPn6fdcn7
59,"These Days (feat. Jess Glynne, Macklemore & Dan Caplen)",Rudimental,315673,https://open.spotify.com/track/5CLGzJsGqhCEECcpnFQA8x
60,"Better Now","Post Malone",309182,https://open.spotify.com/track/7dt6x5M1jzdTEt8oCbisTK
61,"Summertime Magic","Childish Gambino",306947,https://open.spotify.com/track/4j3GWI86JvSaF0BLdmgcfF
62,Perfect,"Ed Sheeran",305553,https://open.spotify.com/track/0tgVpDi06FyKpA1z0VMD4v
63,"FOREVER YOUNG - KR Ver.",BLACKPINK,303688,https://open.spotify.com/track/57Enap29zKl7NGRdDJjkjA
64,Somebody,"The Chainsmokers",303174,https://open.spotify.com/track/3pWcj8hxj3fsb9TDAcMpEl
65,Magbalik,Callalily,302344,https://open.spotify.com/track/5zMR44ZH4KVZj4FlhTj3SE
66,"One Kiss (with Dua Lipa)","Calvin Harris",302198,https://open.spotify.com/track/7ef4DlsgrMEH11cDZd32M6
67,"I Like Me Better",Lauv,301312,https://open.spotify.com/track/2P91MQbaiQOfbiz9VqhqKQ
68,"Best Part (feat. Daniel Caesar)",H.E.R.,298242,https://open.spotify.com/track/4OBZT9EnhYIV17t4pGw7ig
69,"Super Far",LANY,289947,https://open.spotify.com/track/15ahYSiHAIMxAnujlXVtta
70,"Dying Inside To Hold You - From "" All Of You"" Official Soundtrack","Darren Espanto",288152,https://open.spotify.com/track/7xty20N3DMTVOVtDIS2Jov
71,Hiling,"Mark Carpio",286733,https://open.spotify.com/track/6xQs6y6CpDqK9VKCktApEL
72,"With a Smile","South Border",283464,https://open.spotify.com/track/6XmskR1cMfgys1W7dExmgi
73,"Jackie Chan",Tiësto,282569,https://open.spotify.com/track/4kWO6O1BUXcZmaxitpVUwp
74,"Malaya (Camp Sawi Original Motion Picture Soundtrack)","Moira Dela Torre",282152,https://open.spotify.com/track/6M21eWbEw74XDdoQsNIinq
75,"Hanggang Kailan","Michael Pangilinan",271985,https://open.spotify.com/track/01YEqVPCm0vqRLA9w43bic
76,"In My Prison","IV Of Spades",269960,https://open.spotify.com/track/4Q6GncsjUTwWoQO6nsdyA6
77,"The Day You Said Goodnight - Acoustic Version",Hale,269191,https://open.spotify.com/track/6CHpr3pY2MbJ5y1076UDnI
78,Body,"Loud Luxury",264583,https://open.spotify.com/track/43V1z6QToNNWNldV4FEG6r
79,"Tell Me Where It Hurts",MYMP,262523,https://open.spotify.com/track/6C2nrsOlb3jOUGcJAmPrTA
80,Shantidope,"Shanti Dope",261332,https://open.spotify.com/track/6X7eJp4lv4ZeTkWor2wHLz
81,Bulong,"December Avenue",257232,https://open.spotify.com/track/5nMKJJ5Rl6X1yn58aVeICO
82,"Take A Bow - Main",Rihanna,256560,https://open.spotify.com/track/39afswHs17v53znQm1gDTY
83,Dura,"Daddy Yankee",254118,https://open.spotify.com/track/6KuqAtoeVzxAYOaMveLNpH
84,"Why Can't It Be","Kaye Cal",252436,https://open.spotify.com/track/0zFYa7NIpKhmom8zrZx7Ga
85,"The Scientist",Coldplay,251961,https://open.spotify.com/track/75JFxkI2RXiU7L9VXzMkle
86,"So Sick",Ne-Yo,250847,https://open.spotify.com/track/6brl7bwOHmGFkNw3MBqssT
87,"Havana (feat. Young Thug)","Camila Cabello",248688,https://open.spotify.com/track/1rfofaqEpACxVEHIZBJe6W
88,Photograph,"Ed Sheeran",248506,https://open.spotify.com/track/6fxVffaTuwjgEk5h9QyRjy
89,ILYSB,LANY,248451,https://open.spotify.com/track/2btKtacOXuMtC9WjcNRvAA
90,"I'm Yours","Jason Mraz",247974,https://open.spotify.com/track/3S0OXQeoh0w6AY8WQVckRW
91,Ex,Callalily,247189,https://open.spotify.com/track/0GHwNr0lqf8jpc9wesmnHo
92,"One and Only","Parokya Ni Edgar",245037,https://open.spotify.com/track/3OpGUlDmRUXh0NkIYWoIlD
93,"Maybe The Night",Ben&Ben,244152,https://open.spotify.com/track/1yDiru08Q6omDOGkZMPnei
94,OTW,Khalid,244069,https://open.spotify.com/track/6Hgh47WXVKtXN5zGOu0hjI
95,Torete,"Moira Dela Torre",243273,https://open.spotify.com/track/7mxm4xOU54u1ODM9fS9w2y
96,Iris,"The Goo Goo Dolls",242741,https://open.spotify.com/track/6Qyc6fS4DsZjB2mRW9DsQs
97,"FEFE (feat. Nicki Minaj & Murda Beatz)",6ix9ine,239507,https://open.spotify.com/track/2E124GmJRnBJuXbTb4cPUB
98,"God's Plan",Drake,237421,https://open.spotify.com/track/6DCZcSspjsKoFjzjrWoCdn
99,SAD!,XXXTENTACION,237297,https://open.spotify.com/track/3ee8Jmje8o58CHK66QrVC2
100,"Di Makatulog",SUD,236309,https://open.spotify.com/track/2ZiNCGDMapQzMtnPRVOKZI
101,"New Rules","Dua Lipa",235822,https://open.spotify.com/track/2ekn2ttSfGqwhhate0LSR0
102,Sila,SUD,235527,https://open.spotify.com/track/2IMODbij0lZ5CuAjZi0IDE
103,"Don't Leave Me Alone (feat. Anne-Marie)","David Guetta",234053,https://open.spotify.com/track/2lYTJK94hb0fd1LQtb6Dhk
104,"Two Less Lonely People in the World (Official Movie Theme Song Of ""Kita Kita"")","KZ Tandingan",231506,https://open.spotify.com/track/46ixegtxjERQMCutmp09Sa
105,"One Day (feat. Ryan Tedder)",Logic,230734,https://open.spotify.com/track/6e2PtJYcltVk76nLwxBzRn
106,"Meron Nang Iba","Silent Sanctuary",226601,https://open.spotify.com/track/4r7vGTk9HCW7YDorNWoclF
107,Leaves,Ben&Ben,222937,https://open.spotify.com/track/6wdCelHrPh7UfliNjwRTUv
108,"Never Not",Lauv,222801,https://open.spotify.com/track/4fFfyouye6vrX9o9z4PVMu
109,"Shape of You","Ed Sheeran",222050,https://open.spotify.com/track/7qiZfU4dY1lWllzX7mPBI3
110,"So Slow",Freestyle,219864,https://open.spotify.com/track/1A40ESJJPEEJrqjC9BUO2B
111,"Nothing's Gonna Stop Us Now - From ""Crazy Beautiful You""",Morissette,219557,https://open.spotify.com/track/1qoXYfWILyuN0EatImGlma
112,"Before I Let You Go",Freestyle,218214,https://open.spotify.com/track/1VvFtp71ibaXiHxurBlXuw
113,Sa'yo,"Silent Sanctuary",217596,https://open.spotify.com/track/29xs643Q96uQLD8f7SxYYw
114,"Hanggang Kailan - Umuwi Ka Na Baby","Orange & Lemons",217552,https://open.spotify.com/track/5UhpceEr5XmbVwyoIUIRnh
115,"Ang Huling El Bimbo",Eraserheads,216451,https://open.spotify.com/track/135ggzbjOogZ75IQ0LQi8r
116,"I'm Not The Only One","Sam Smith",215666,https://open.spotify.com/track/7795WJLVKJoAyVoOtCWqXN
117,"'Di Na Muli",Itchyworms,215531,https://open.spotify.com/track/0rkML0CSX3wteVwUh5cspv
118,"What Lovers Do (feat. SZA)","Maroon 5",215347,https://open.spotify.com/track/0GxQ1A5L9xnMOytbP6eKBG
119,Harana,"Parokya Ni Edgar",213082,https://open.spotify.com/track/3gyEt1vswIEbpQqBs18Lha
120,"As If It's Your Last",BLACKPINK,209755,https://open.spotify.com/track/1Zyd6zQnC6XIIzmg3hP7Ot
121,FRIENDS,Marshmello,206948,https://open.spotify.com/track/08bNPGLD8AhKpnnERrAc6G
122,"Maybe This Time - From ""Maybe This Time""","Sarah Geronimo",204330,https://open.spotify.com/track/0Dljpp52vCmtXi0E94qjfo
123,Closer,"The Chainsmokers",203525,https://open.spotify.com/track/7BKLCZ1jbUBVqRi2FVlTVw
124,"Dance The Night Away",TWICE,203292,https://open.spotify.com/track/281tmNk46TBQS9ACYMLYyA
125,"I'll Never Go","Erik Santos",203188,https://open.spotify.com/track/4ub59HeXqdYApJtkJqnvXE
126,"Like I'm Gonna Lose You (feat. John Legend)","Meghan Trainor",201933,https://open.spotify.com/track/2YlZnw2ikdb837oKMKjBkW
127,Sana,"I Belong to the Zoo",201447,https://open.spotify.com/track/1X4l4i472kW5ofFP8Xo0x0
128,"Let Me Down Slowly","Alec Benjamin",201228,https://open.spotify.com/track/2uaiyLKnYvazyfR0Ky3Kbk
129,"You And Me",Lifehouse,201000,https://open.spotify.com/track/0815caqt2Lytro5EIzMufT
130,"Capital Letters","Hailee Steinfeld",199696,https://open.spotify.com/track/2bllegdYt2WoYdbRZyJ730
131,"Your Love - Dolce Amore Teleserye Theme",Juris,198289,https://open.spotify.com/track/2PcbtMoqOlGSzOfyJlkB06
132,"Don't Know What To Do (Don't Know What To Say)","Mark Carpio",198089,https://open.spotify.com/track/1ER60P43ftVOLaMRvBfpnt
133,"Meant to Be (feat. Florida Georgia Line)","Bebe Rexha",198012,https://open.spotify.com/track/4e4fqjx0Izh4svvTef1z7e
134,"Let Me Be the One","Julie Anne San Jose",197732,https://open.spotify.com/track/39V6cEoNFwDFRJEOKyj4OR
135,"Ipagpatawad Mo",Mayonnaise,197464,https://open.spotify.com/track/7IqUmDJ2GjaOqrzDCXhrV5
136,"Huling Sayaw - Acoustic",Kamikazee,196109,https://open.spotify.com/track/4UgtdWy4dm7vMVIupUbtMm
137,Stickwitu,"The Pussycat Dolls",195839,https://open.spotify.com/track/4NjR63Up0uMkQBlKvlZd1l
138,Sundo,"Moira Dela Torre",194995,https://open.spotify.com/track/4SN0eYjvqBmElFQxP0Inys
139,"Bakit Ba Ikaw","Michael Pangilinan",194493,https://open.spotify.com/track/0Vmk6Ebk4QBq7r0VAz2a6s
140,"Beautiful Soul","Jesse McCartney",193645,https://open.spotify.com/track/1HwpWwa6bnqqRhK8agG4RS
141,"This Is Me","Keala Settle",192962,https://open.spotify.com/track/2xGjteMU3E1tkEPVFBO08U
142,"She Will Be Loved - Radio Mix","Maroon 5",192213,https://open.spotify.com/track/4llK75pXNWZz6KAho2Gp16
143,"Perfect Duet (Ed Sheeran & Beyoncé)","Ed Sheeran",191064,https://open.spotify.com/track/1bhUWB0zJMIKr9yVPrkEuI
144,Prinsesa,6cyclemind,187835,https://open.spotify.com/track/2S80c51YXgJQhkhX603fMA
145,"FAKE LOVE",BTS,187675,https://open.spotify.com/track/3aW0ds4A4tSQDIp75FqWTo
146,Rainbow,"South Border",187593,https://open.spotify.com/track/3VcVQmMivq2ISfKUmIuvMK
147,"ILYSB - STRIPPED",LANY,187567,https://open.spotify.com/track/3Dkvp3L4w0uJFYfIPa8E9H
148,changes,XXXTENTACION,187070,https://open.spotify.com/track/7AFASza1mXqntmGtbxXprO
149,"all the kids are depressed","Jeremy Zucker",186794,https://open.spotify.com/track/75ls0gurX68lUmMjE7QcsE
150,Dive,"Ed Sheeran",186419,https://open.spotify.com/track/51ChrwmUPDJvedPQnIU8Ls
151,"Out of My League","Stephen Speaks",186161,https://open.spotify.com/track/2PkQeKapTNUjwpKLf8aJlq
152,"Never Enough","Loren Allred",184225,https://open.spotify.com/track/0Gl5s8IhMmQE5YQwM8Qx1J
153,Natural,"Imagine Dragons",184051,https://open.spotify.com/track/4zIO3ilp5HvTeK3HJHxhMP
154,"Collide - Acoustic Version","Howie Day",183645,https://open.spotify.com/track/5rwq6R0Uq0BngM3rdmCeNg
155,"The Man Who Can't Be Moved","The Script",183118,https://open.spotify.com/track/67EY6aDoIx8czEPS6a2AaI
156,"A Million Dreams","Ziv Zaifman",181742,https://open.spotify.com/track/0RoA7ObU6phWpqhlC9zH4Z
157,"Kahit Di Mo Alam","December Avenue",181632,https://open.spotify.com/track/6GIzDc4xBUeYHwubWwTrhC
158,"That's What I Like","Bruno Mars",180116,https://open.spotify.com/track/0KKkJNfGyhkQ5aFogxQAPU
159,"Versace on the Floor","Bruno Mars",178182,https://open.spotify.com/track/0kN8xEmgMW9mh7UmDYHlJP
160,"Little Do You Know","Alex & Sierra",177694,https://open.spotify.com/track/1almCHdsfikRPfVB9VrEdT
161,Breakeven,"The Script",177536,https://open.spotify.com/track/1a1i2IwXnUN0PjllVEhA4B
162,"Be Alright","Dean Lewis",177187,https://open.spotify.com/track/3EPXxR3ImUwfayaurPi3cm
163,"Pusong Ligaw","Jericho Rosales",176327,https://open.spotify.com/track/14pj36HKHd6c72njvGVPWU
164,"If You're Over Me","Years & Years",175085,https://open.spotify.com/track/1oc3jna2ablnfIKLYbKujl
165,Terrified,"Katharine McPhee",175061,https://open.spotify.com/track/573EXMFHsEKPRSy08G91Sr
166,Stars,Callalily,175050,https://open.spotify.com/track/6aDYL0klsShJ1NDScruk2G
167,"Hayaan Mo Sila","Ex Battalion",172149,https://open.spotify.com/track/7MrDfa1uQGVXx0JMZ2u5tN
168,"Nadarang - Campfire Mix","Kyle Juliano",172050,https://open.spotify.com/track/2RzdvVrhZdoa3PyrU0NTLp
169,"In My Mind",Dynoro,170837,https://open.spotify.com/track/0E9ZjEAyAwOXZ7wJC0PD33
170,"A Thousand Years","Christina Perri",170480,https://open.spotify.com/track/6lanRgr6wXibZr8KgzXxBl
171,"I Fall Apart","Post Malone",169970,https://open.spotify.com/track/75ZvA4QfFiZvzhj2xkaWAh
172,"REALLY - KR Ver.",BLACKPINK,169328,https://open.spotify.com/track/7AWtaOSb7cgi16wJr3mkuf
173,"you should see me in a crown","Billie Eilish",168929,https://open.spotify.com/track/6vsV4D8BM6PioRr1UOx0n2
174,"High Hopes","Panic! At The Disco",168784,https://open.spotify.com/track/1rqqCSm0Qe4I9rUvWncaom
175,"When You Say Nothing At All",Boyzone,167358,https://open.spotify.com/track/4In8AR7usFmBDCWLfuEb92
176,"Boo'd Up","Ella Mai",165342,https://open.spotify.com/track/0At2qAoaVjIwWNAqrscXli
177,"Young Dumb & Broke",Khalid,163798,https://open.spotify.com/track/5Z3GHaZ6ec9bsiI5BenrbY
178,"Just the Way You Are","Bruno Mars",163716,https://open.spotify.com/track/7BqBn9nzAq8spo5e7cZ0dJ
179,"Wherever You Will Go","The Calling",163348,https://open.spotify.com/track/5QpaGzWp0hwB5faV8dkbAz
180,"Finesse - Remix; feat. Cardi B","Bruno Mars",162819,https://open.spotify.com/track/3Vo4wInECJQuz9BIBMOu8i
181,"Never Be the Same","Camila Cabello",161880,https://open.spotify.com/track/4eWQlBRaTjPPUlzacqEeoQ
182,"LOVE SCENARIO",iKON,160885,https://open.spotify.com/track/6qAzAmPBUpGrk7XADZHR5k
183,Lucky,"Jason Mraz",160447,https://open.spotify.com/track/2qLMf6TuEC3ruGJg4SMMN6
184,"lovely (with Khalid)","Billie Eilish",159916,https://open.spotify.com/track/0u2P5u6lvoDfwTYjAADbn4
185,"Chasing Cars","Snow Patrol",158874,https://open.spotify.com/track/11bD1JtSjlIgKgZG2134DZ
186,"What is Love?",TWICE,158254,https://open.spotify.com/track/5Ek40FyMPprcvtyZDjqylX
187,"It Might Be You - Theme from Everyday I Love You","Michael Pangilinan",157950,https://open.spotify.com/track/4FdQYoWFym37QDQ2GkEHi1
188,Kundiman,"Silent Sanctuary",157835,https://open.spotify.com/track/0087fDVeNhuyMtST91RMjv
189,Gitara,"Parokya Ni Edgar",157829,https://open.spotify.com/track/1ycpU8beNm9bXKvy7s25Jl
190,"Love It If We Made It","The 1975",156747,https://open.spotify.com/track/7MRY4VpCuZvBmFda6ZCk2G
191,"Till My Heartaches End - From ""The Significant Other""","KZ Tandingan",155991,https://open.spotify.com/track/4isDU5tDNqFLQ5xQ9NgPmz
192,"We & Us","Moira Dela Torre",155123,https://open.spotify.com/track/5hyhR9TYBcSnmpSEl455eK
193,"You Are My Sunshine","Moira Dela Torre",155106,https://open.spotify.com/track/4hEcAsNF6RG9VCV7xElgCG
194,"A Thousand Miles","Vanessa Carlton",154953,https://open.spotify.com/track/4w1lzcaoZ1IC2K5TwjalRP
195,"This I Promise You",*NSYNC,154891,https://open.spotify.com/track/2Dp2LRrY71XIfLe3co2Qnh
196,"Your Song (My One and Only You)","Julie Anne San Jose",152988,https://open.spotify.com/track/5Seh4HfqT1mFnRJQswqz51
197,"More Than Words",Extreme,152738,https://open.spotify.com/track/1gVgkQFOKa8Wc1HYsJtPdH
198,"Foolish Heart",Nina,152607,https://open.spotify.com/track/0pzEVarX9S2ZFYZFhefZhU
199,"Fresh Eyes","Andy Grammer",151337,https://open.spotify.com/track/5NDUXbMwcnTQp66tI2zcdR
200,"Ngayong Gabi","Al James",150361,https://open.spotify.com/track/5sLGYJOhLP197nmkaRMMEH
