,,,"Note that these figures are generated using a formula that protects against any artificial inflation of chart positions.",
Position,"Track Name",Artist,Streams,URL
1,"In My Feelings",Drake,1483128,https://open.spotify.com/track/2G7V7zsVDxg1yRsu7Ew9RJ
2,"Kung 'Di Rin Lang Ikaw","December Avenue",1336635,https://open.spotify.com/track/2BgD4nRyx9EZ5o8YEnjRSV
3,"Girls Like You (feat. Cardi B)","Maroon 5",1182472,https://open.spotify.com/track/7fa9MBXhVfQ8P8Df9OEbD8
4,Mundo,"IV Of Spades",1132567,https://open.spotify.com/track/4u8RkgV6P4TLi89SmlUtv8
5,"Kathang Isip",Ben&Ben,1132106,https://open.spotify.com/track/3WUEs51GpcvlgU7lehLgLh
6,"Thru These Tears",LANY,1062295,https://open.spotify.com/track/4gB61mP4tNChn4LgfquMhi
7,"No Brainer","DJ Khaled",1055170,https://open.spotify.com/track/5WvAo7DNuPRmk4APhdPzi8
8,"'Di Na Muli","Janine Teñoso",987433,https://open.spotify.com/track/3VQb0rq27GPX92X53Ni1Lc
9,"Eastside (with Halsey & Khalid)","benny blanco",915530,https://open.spotify.com/track/0d2iYfpKoM0QCKvcLCkBao
10,"Sa Ngalan Ng Pag-Ibig","December Avenue",885901,https://open.spotify.com/track/00mBzIWv5gHOYxwuEJXjOG
11,2002,Anne-Marie,859802,https://open.spotify.com/track/2BgEsaKNfHUdlh97KmvFyo
12,"God is a woman","Ariana Grande",827382,https://open.spotify.com/track/5OCJzvD7sykQEKHH7qAC3C
13,Rise,"Jonas Blue",813690,https://open.spotify.com/track/3u1S1OmAUhx5DRlLrXqyp3
14,Tagpuan,"Moira Dela Torre",804089,https://open.spotify.com/track/0ztDBQdQmdVZvorSmIjMih
15,BAAM,MOMOLAND,776739,https://open.spotify.com/track/4Is1b37KJY9XVCgzp81FBW
16,"DDU-DU DDU-DU - KR Ver.",BLACKPINK,766124,https://open.spotify.com/track/2CWnuF7ht55Ajyeg4WPvWu
17,"Happy Now",Zedd,765662,https://open.spotify.com/track/4keoy2fqgwGnbWlm3ZVZFa
18,"Beautiful (feat. Camila Cabello)",Bazzi,759245,https://open.spotify.com/track/4VUwkH455At9kENOfzTqmF
19,breathin,"Ariana Grande",699018,https://open.spotify.com/track/4OafepJy2teCjYJbvFE60J
20,IDGAF,"Dua Lipa",626483,https://open.spotify.com/track/76cy1WJvNGJTj78UqeA5zr
21,"I'm a Mess","Bebe Rexha",624870,https://open.spotify.com/track/04ZTP5KsCypmtCmQg5tH9R
22,"Midnight Sky","Unique Salonga",610082,https://open.spotify.com/track/5eFzCfsj3d0yWumdEldZwL
23,"Be Alright","Dean Lewis",573309,https://open.spotify.com/track/3EPXxR3ImUwfayaurPi3cm
24,"Freaky Friday (feat. Chris Brown)","Lil Dicky",543861,https://open.spotify.com/track/10Igtw8bSDyyFs7KIsKngZ
25,Nadarang,"Shanti Dope",543831,https://open.spotify.com/track/6LJ1p1h5EcMK4VPeCLDSoF
26,"BBoom BBoom",MOMOLAND,524547,https://open.spotify.com/track/3BPoSr2pO34Aan6alFfVto
27,"no tears left to cry","Ariana Grande",514894,https://open.spotify.com/track/2qT1uLXPVPzGgFOx4jtEuo
28,"The Middle",Zedd,500197,https://open.spotify.com/track/09IStsImFySgyp0pIQdqAc
29,"Back To You - From 13 Reasons Why – Season 2 Soundtrack","Selena Gomez",482029,https://open.spotify.com/track/4hQ6UGyWQIGJmHSo0J88JW
30,"Ocean (feat. Khalid)","Martin Garrix",463592,https://open.spotify.com/track/3nc420PXjTdBV5TN0gCFkS
31,"Don't Leave Me Alone (feat. Anne-Marie)","David Guetta",462826,https://open.spotify.com/track/2lYTJK94hb0fd1LQtb6Dhk
32,Happier,"Ed Sheeran",454574,https://open.spotify.com/track/2RttW7RAu5nOAfq6YFvApB
33,Connection,OneRepublic,454182,https://open.spotify.com/track/3T4UodGkfZObJ43RtA5KFU
34,Tadhana,"Up Dharma Down",445809,https://open.spotify.com/track/6NFKf8vBApSvtzkapYmnVR
35,Ex,Callalily,438924,https://open.spotify.com/track/0GHwNr0lqf8jpc9wesmnHo
36,13,LANY,437347,https://open.spotify.com/track/0WOvSEVpUGkNufX0w0M06F
37,"Lucid Dreams","Juice WRLD",431081,https://open.spotify.com/track/0s3nnoMeVWz3989MkNQiRf
38,Youngblood,"5 Seconds of Summer",427023,https://open.spotify.com/track/2iUXsYOEPhVqEBwsqP70rE
39,"Solo (feat. Demi Lovato)","Clean Bandit",425724,https://open.spotify.com/track/6kPJZM97LwdG9QIsT7khp6
40,"Oks Lang","John Roa",422523,https://open.spotify.com/track/2wTxJWt2gA9a1Z94dTnPiI
41,"You Are The Reason","Calum Scott",422080,https://open.spotify.com/track/69vToJ9BMbbLlFZo7k7A7B
42,Tagu-Taguan,"Moira Dela Torre",418968,https://open.spotify.com/track/2iOnWSWcChoGmUufbrQ00e
43,"Say You Won't Let Go","James Arthur",413498,https://open.spotify.com/track/5uCax9HTNlzGybIStD3vDh
44,sweetener,"Ariana Grande",412785,https://open.spotify.com/track/70khXICDeTTxgYtw3EysKH
45,Mine,Bazzi,407662,https://open.spotify.com/track/7uzmGiiJyRfuViKKK3lVmR
46,"Bakit Ba Ikaw","Michael Pangilinan",403010,https://open.spotify.com/track/0Vmk6Ebk4QBq7r0VAz2a6s
47,"Too Good At Goodbyes","Sam Smith",399580,https://open.spotify.com/track/1mXVgsBdtIVeCLJnSnmtdV
48,"Strawberries & Cigarettes","Troye Sivan",397729,https://open.spotify.com/track/2z7UKVsBdbA7HFPunDKDP4
49,everytime,"Ariana Grande",395505,https://open.spotify.com/track/0WdR2AyLW1Drd3OUdwezM0
50,"Let Me",ZAYN,375161,https://open.spotify.com/track/7Fg342AJtNsIDdwCfX0paC
51,"Kung Wala Ka",Hale,363436,https://open.spotify.com/track/4JSDhJVmo2UqdF7nxbyenn
52,"I Like Me Better",Lauv,358298,https://open.spotify.com/track/2P91MQbaiQOfbiz9VqhqKQ
53,"Pasensya Ka Na","Silent Sanctuary",345385,https://open.spotify.com/track/0YyM8aEdbjGfLWPn6fdcn7
54,Pa-Umaga,"Al James",343300,https://open.spotify.com/track/1bvPjHWOc5C8nHkw5U2Vb4
55,"Born To Be Yours",Kygo,338837,https://open.spotify.com/track/0kHyKhJMukHEPfeh8s7rdM
56,Migraine,Moonstar88,327929,https://open.spotify.com/track/7sW3f7PqDV7BQ7qqeVBJIA
57,"These Days (feat. Jess Glynne, Macklemore & Dan Caplen)",Rudimental,327655,https://open.spotify.com/track/5CLGzJsGqhCEECcpnFQA8x
58,Akala,Marion,325903,https://open.spotify.com/track/2Gh039ZAfydrM5IjiGlvEj
59,Bulong,"December Avenue",322467,https://open.spotify.com/track/5nMKJJ5Rl6X1yn58aVeICO
60,Sana,"I Belong to the Zoo",314654,https://open.spotify.com/track/1X4l4i472kW5ofFP8Xo0x0
61,Enemies,Lauv,312188,https://open.spotify.com/track/3JJYIoJ5FyY9E0DGjr7SXF
62,"SICKO MODE","Travis Scott",298535,https://open.spotify.com/track/2xLMifQCjDGFmkHkpNLD9h
63,"Only You (with Little Mix)","Cheat Codes",298272,https://open.spotify.com/track/54l9GJGQ1UCFKe2tzt1Vxt
64,"Rewrite The Stars","Zac Efron",293536,https://open.spotify.com/track/630sXRhIcfwr2e4RdNtjKN
65,"Super Far",LANY,293289,https://open.spotify.com/track/15ahYSiHAIMxAnujlXVtta
66,"Best Part (feat. Daniel Caesar)",H.E.R.,293008,https://open.spotify.com/track/4OBZT9EnhYIV17t4pGw7ig
67,"Maybe The Night",Ben&Ben,292756,https://open.spotify.com/track/1yDiru08Q6omDOGkZMPnei
68,Entertainer,ZAYN,290220,https://open.spotify.com/track/5LTGmestwpHZ1BfCmpFQJx
69,Magbalik,Callalily,289254,https://open.spotify.com/track/5zMR44ZH4KVZj4FlhTj3SE
70,Hiling,"Mark Carpio",286415,https://open.spotify.com/track/6xQs6y6CpDqK9VKCktApEL
71,"Playinwitme (feat. Kehlani)",KYLE,286281,https://open.spotify.com/track/4F1yvJfQ7gJkrcgFJQDjOr
72,"With a Smile","South Border",281480,https://open.spotify.com/track/6XmskR1cMfgys1W7dExmgi
73,Perfect,"Ed Sheeran",280014,https://open.spotify.com/track/0tgVpDi06FyKpA1z0VMD4v
74,R.E.M,"Ariana Grande",278971,https://open.spotify.com/track/1xWH8zYtDeS9mW1JJG23VZ
75,"Dying Inside To Hold You - From "" All Of You"" Official Soundtrack","Darren Espanto",275554,https://open.spotify.com/track/7xty20N3DMTVOVtDIS2Jov
76,"Hanggang Kailan","Michael Pangilinan",274604,https://open.spotify.com/track/01YEqVPCm0vqRLA9w43bic
77,"Tell Me Where It Hurts",MYMP,273724,https://open.spotify.com/track/6C2nrsOlb3jOUGcJAmPrTA
78,"Psycho (feat. Ty Dolla $ign)","Post Malone",273325,https://open.spotify.com/track/3swc6WTsr7rl9DqQKQA55C
79,"Promises (with Sam Smith)","Calvin Harris",273186,https://open.spotify.com/track/5N5k9nd479b1xpDZ4usjrg
80,"Malaya (Camp Sawi Original Motion Picture Soundtrack)","Moira Dela Torre",271630,https://open.spotify.com/track/6M21eWbEw74XDdoQsNIinq
81,"The Day You Said Goodnight - Acoustic Version",Hale,271143,https://open.spotify.com/track/6CHpr3pY2MbJ5y1076UDnI
82,"FOREVER YOUNG - KR Ver.",BLACKPINK,258850,https://open.spotify.com/track/57Enap29zKl7NGRdDJjkjA
83,"The Scientist",Coldplay,253413,https://open.spotify.com/track/75JFxkI2RXiU7L9VXzMkle
84,Thunderclouds,Sia,252532,https://open.spotify.com/track/5a8RPWgKSmcGBGcffmIrUi
85,Darkside,"Alan Walker",251314,https://open.spotify.com/track/1snWlbcbgQpJfknoI30DWG
86,Happier,Marshmello,250531,https://open.spotify.com/track/2dpaYNEQHiRxtZbfNsse99
87,Leaves,Ben&Ben,250459,https://open.spotify.com/track/6wdCelHrPh7UfliNjwRTUv
88,Sila,SUD,250121,https://open.spotify.com/track/2IMODbij0lZ5CuAjZi0IDE
89,Sino,"Unique Salonga",249944,https://open.spotify.com/track/637uCaC8im9B7Pe2O2Z53w
90,"Take A Bow - Main",Rihanna,249505,https://open.spotify.com/track/39afswHs17v53znQm1gDTY
91,"Di Makatulog",SUD,248805,https://open.spotify.com/track/2ZiNCGDMapQzMtnPRVOKZI
92,"In My Mind",Dynoro,248658,https://open.spotify.com/track/0E9ZjEAyAwOXZ7wJC0PD33
93,Iris,"The Goo Goo Dolls",246816,https://open.spotify.com/track/6Qyc6fS4DsZjB2mRW9DsQs
94,"So Sick",Ne-Yo,244202,https://open.spotify.com/track/6brl7bwOHmGFkNw3MBqssT
95,Somebody,"The Chainsmokers",243853,https://open.spotify.com/track/6mWDwN58PgiPiDXkfSfB4J
96,"Why Can't It Be","Kaye Cal",243117,https://open.spotify.com/track/0zFYa7NIpKhmom8zrZx7Ga
97,ILYSB,LANY,241723,https://open.spotify.com/track/2btKtacOXuMtC9WjcNRvAA
98,Photograph,"Ed Sheeran",240798,https://open.spotify.com/track/6fxVffaTuwjgEk5h9QyRjy
99,"Body (feat. Brando)","Loud Luxury",240460,https://open.spotify.com/track/7K7MUBCnzgBAvMVW2RTWNs
100,"goodnight n go","Ariana Grande",240391,https://open.spotify.com/track/14kYOiFVPb7E7NfFbqhdln
101,"I'm Yours","Jason Mraz",236120,https://open.spotify.com/track/3S0OXQeoh0w6AY8WQVckRW
102,"One Kiss (with Dua Lipa)","Calvin Harris",233249,https://open.spotify.com/track/7ef4DlsgrMEH11cDZd32M6
103,"I Like It","Cardi B",232691,https://open.spotify.com/track/58q2HKrzhC3ozto2nDdN4z
104,"raindrops (an angel cried)","Ariana Grande",232357,https://open.spotify.com/track/0v2LUO8oTHnkjQ8MmKuXyk
105,"Havana (feat. Young Thug)","Camila Cabello",229029,https://open.spotify.com/track/1rfofaqEpACxVEHIZBJe6W
106,"Huling Sayaw - Acoustic",Kamikazee,226127,https://open.spotify.com/track/4UgtdWy4dm7vMVIupUbtMm
107,Torete,"Moira Dela Torre",225405,https://open.spotify.com/track/7mxm4xOU54u1ODM9fS9w2y
108,"Two Less Lonely People in the World (Official Movie Theme Song Of ""Kita Kita"")","KZ Tandingan",222245,https://open.spotify.com/track/46ixegtxjERQMCutmp09Sa
109,"New Rules","Dua Lipa",221804,https://open.spotify.com/track/2ekn2ttSfGqwhhate0LSR0
110,"Hanggang Kailan - Umuwi Ka Na Baby","Orange & Lemons",221646,https://open.spotify.com/track/5UhpceEr5XmbVwyoIUIRnh
111,successful,"Ariana Grande",220876,https://open.spotify.com/track/5YeHLHDdQ4nKHk81XFWhCU
112,Sa'yo,"Silent Sanctuary",219731,https://open.spotify.com/track/29xs643Q96uQLD8f7SxYYw
113,"Taste (feat. Offset)",Tyga,219469,https://open.spotify.com/track/5IaHrVsrferBYDm0bDyABy
114,"One and Only","Parokya Ni Edgar",219048,https://open.spotify.com/track/3OpGUlDmRUXh0NkIYWoIlD
115,"Ang Huling El Bimbo",Eraserheads,217431,https://open.spotify.com/track/135ggzbjOogZ75IQ0LQi8r
116,"Before I Let You Go",Freestyle,216917,https://open.spotify.com/track/1VvFtp71ibaXiHxurBlXuw
117,"'Di Na Muli",Itchyworms,216479,https://open.spotify.com/track/0rkML0CSX3wteVwUh5cspv
118,OTW,Khalid,216440,https://open.spotify.com/track/6Hgh47WXVKtXN5zGOu0hjI
119,"What Lovers Do (feat. SZA)","Maroon 5",215916,https://open.spotify.com/track/0GxQ1A5L9xnMOytbP6eKBG
120,"Better Now","Post Malone",215114,https://open.spotify.com/track/7dt6x5M1jzdTEt8oCbisTK
121,"the light is coming (feat. Nicki Minaj)","Ariana Grande",214367,https://open.spotify.com/track/0sdbFOyfgAhAhWq8DpzkaW
122,"Kahit Di Mo Alam","December Avenue",213892,https://open.spotify.com/track/6GIzDc4xBUeYHwubWwTrhC
123,"I'm Not The Only One","Sam Smith",212945,https://open.spotify.com/track/7795WJLVKJoAyVoOtCWqXN
124,"pete davidson","Ariana Grande",210556,https://open.spotify.com/track/0XOnMqLQDO89iAg7dWWwnG
125,Mau,"Shanti Dope",208316,https://open.spotify.com/track/0BkKdJSpKqzYLEneerSHq3
126,Closer,"The Chainsmokers",206684,https://open.spotify.com/track/7BKLCZ1jbUBVqRi2FVlTVw
127,"FEFE (feat. Nicki Minaj & Murda Beatz)",6ix9ine,205763,https://open.spotify.com/track/2E124GmJRnBJuXbTb4cPUB
128,"Jackie Chan",Tiësto,205592,https://open.spotify.com/track/4kWO6O1BUXcZmaxitpVUwp
129,"8 Letters","Why Don't We",200173,https://open.spotify.com/track/6AkFxZzBfyzV5RF7mGkASM
130,"Nothing's Gonna Stop Us Now - From ""Crazy Beautiful You""",Morissette,198987,https://open.spotify.com/track/1qoXYfWILyuN0EatImGlma
131,"Shape of You","Ed Sheeran",198947,https://open.spotify.com/track/7qiZfU4dY1lWllzX7mPBI3
132,"As If It's Your Last",BLACKPINK,196368,https://open.spotify.com/track/1Zyd6zQnC6XIIzmg3hP7Ot
133,"Like I'm Gonna Lose You (feat. John Legend)","Meghan Trainor",195887,https://open.spotify.com/track/2YlZnw2ikdb837oKMKjBkW
134,"Maybe This Time - From ""Maybe This Time""","Sarah Geronimo",195647,https://open.spotify.com/track/0Dljpp52vCmtXi0E94qjfo
135,"God's Plan",Drake,194638,https://open.spotify.com/track/6DCZcSspjsKoFjzjrWoCdn
136,"Don't Know What To Do (Don't Know What To Say)","Mark Carpio",193578,https://open.spotify.com/track/1ER60P43ftVOLaMRvBfpnt
137,Dura,"Daddy Yankee",193223,https://open.spotify.com/track/6KuqAtoeVzxAYOaMveLNpH
138,"The Man Who Can't Be Moved","The Script",192346,https://open.spotify.com/track/67EY6aDoIx8czEPS6a2AaI
139,"Ipagpatawad Mo",Mayonnaise,191829,https://open.spotify.com/track/7IqUmDJ2GjaOqrzDCXhrV5
140,Sundo,"Moira Dela Torre",190013,https://open.spotify.com/track/4SN0eYjvqBmElFQxP0Inys
141,SAD!,XXXTENTACION,189887,https://open.spotify.com/track/3ee8Jmje8o58CHK66QrVC2
142,Stickwitu,"The Pussycat Dolls",189859,https://open.spotify.com/track/4NjR63Up0uMkQBlKvlZd1l
143,"get well soon","Ariana Grande",189067,https://open.spotify.com/track/7u6DMPznGbpziuEgCE0JGQ
144,"You And Me",Lifehouse,188848,https://open.spotify.com/track/0815caqt2Lytro5EIzMufT
145,"Beautiful Soul","Jesse McCartney",188449,https://open.spotify.com/track/1HwpWwa6bnqqRhK8agG4RS
146,"Still New York",MAX,186182,https://open.spotify.com/track/4txpZk7WSjV1dsZAw5WYcT
147,"Capital Letters","Hailee Steinfeld",185823,https://open.spotify.com/track/2bllegdYt2WoYdbRZyJ730
148,"We Don't Care",Sigala,184659,https://open.spotify.com/track/59D6pNWyn8UXPpos5fbAqm
149,"She Will Be Loved - Radio Mix","Maroon 5",184393,https://open.spotify.com/track/4llK75pXNWZz6KAho2Gp16
150,"blazed (feat. Pharrell Williams)","Ariana Grande",184367,https://open.spotify.com/track/4mLkiFppf8Xvem6BSY34qw
151,"Meron Nang Iba","Silent Sanctuary",184303,https://open.spotify.com/track/4r7vGTk9HCW7YDorNWoclF
152,"So Slow",Freestyle,183334,https://open.spotify.com/track/1A40ESJJPEEJrqjC9BUO2B
153,"better off","Ariana Grande",182733,https://open.spotify.com/track/3NbTQ8ZbHU6MSEVUFAVCJ9
154,"Out of My League","Stephen Speaks",181686,https://open.spotify.com/track/2PkQeKapTNUjwpKLf8aJlq
155,"Collide - Acoustic Version","Howie Day",181467,https://open.spotify.com/track/5rwq6R0Uq0BngM3rdmCeNg
156,"Meant to Be (feat. Florida Georgia Line)","Bebe Rexha",181334,https://open.spotify.com/track/4e4fqjx0Izh4svvTef1z7e
157,Harana,"Parokya Ni Edgar",181213,https://open.spotify.com/track/3gyEt1vswIEbpQqBs18Lha
158,"When You Say Nothing At All",Boyzone,179875,https://open.spotify.com/track/4In8AR7usFmBDCWLfuEb92
159,"Tie Me Down (with Elley Duhé)",Gryffin,176680,https://open.spotify.com/track/4QVS8YCpK71R4FsxSMCjhP
160,"Dance The Night Away",TWICE,176559,https://open.spotify.com/track/281tmNk46TBQS9ACYMLYyA
161,Terrified,"Katharine McPhee",176314,https://open.spotify.com/track/573EXMFHsEKPRSy08G91Sr
162,"Side Effects (feat. Emily Warren)","The Chainsmokers",176098,https://open.spotify.com/track/5yNEdBlZMxpcVtGKz5NFk5
163,Rainbow,"South Border",176007,https://open.spotify.com/track/3VcVQmMivq2ISfKUmIuvMK
164,"ILYSB - STRIPPED",LANY,175279,https://open.spotify.com/track/3Dkvp3L4w0uJFYfIPa8E9H
165,Prinsesa,6cyclemind,175269,https://open.spotify.com/track/2S80c51YXgJQhkhX603fMA
166,Dive,"Ed Sheeran",172250,https://open.spotify.com/track/51ChrwmUPDJvedPQnIU8Ls
167,"Perfect Duet (Ed Sheeran & Beyoncé)","Ed Sheeran",171316,https://open.spotify.com/track/1bhUWB0zJMIKr9yVPrkEuI
168,"This Is Me","Keala Settle",171239,https://open.spotify.com/track/2xGjteMU3E1tkEPVFBO08U
169,"I Fall Apart","Post Malone",170986,https://open.spotify.com/track/75ZvA4QfFiZvzhj2xkaWAh
170,Natural,"Imagine Dragons",170814,https://open.spotify.com/track/4zIO3ilp5HvTeK3HJHxhMP
171,Breakeven,"The Script",169764,https://open.spotify.com/track/1a1i2IwXnUN0PjllVEhA4B
172,"Young Dumb & Broke",Khalid,169631,https://open.spotify.com/track/5Z3GHaZ6ec9bsiI5BenrbY
173,"Eroplanong Papel","December Avenue",168871,https://open.spotify.com/track/0dJPIIlTmVM0lambbFgAYq
174,"High On Life (feat. Bonn)","Martin Garrix",168195,https://open.spotify.com/track/4ut5G4rgB1ClpMTMfjoIuy
175,Stars,Callalily,168033,https://open.spotify.com/track/6aDYL0klsShJ1NDScruk2G
176,"That's What I Like","Bruno Mars",165865,https://open.spotify.com/track/0KKkJNfGyhkQ5aFogxQAPU
177,Gitara,"Parokya Ni Edgar",165396,https://open.spotify.com/track/1ycpU8beNm9bXKvy7s25Jl
178,"borderline (feat. Missy Elliott)","Ariana Grande",164662,https://open.spotify.com/track/4b7mLZQWsy0rLnrMtPA9fQ
179,"Let Me Be the One","Julie Anne San Jose",164377,https://open.spotify.com/track/39V6cEoNFwDFRJEOKyj4OR
180,"A Million Dreams","Ziv Zaifman",163642,https://open.spotify.com/track/0RoA7ObU6phWpqhlC9zH4Z
181,"Never Enough","Loren Allred",161175,https://open.spotify.com/track/0Gl5s8IhMmQE5YQwM8Qx1J
182,"Almost Love","Sabrina Carpenter",159691,https://open.spotify.com/track/7iC6PZPWIQm38R4fFxhfVd
183,"I Don't Wanna Love You Anymore",LANY,158206,https://open.spotify.com/track/1NEV2pt7AJSHWadhfCZ48t
184,"Wherever You Will Go","The Calling",157997,https://open.spotify.com/track/5QpaGzWp0hwB5faV8dkbAz
185,"Till My Heartaches End - From ""The Significant Other""","KZ Tandingan",157917,https://open.spotify.com/track/4isDU5tDNqFLQ5xQ9NgPmz
186,"FAKE LOVE",BTS,157115,https://open.spotify.com/track/3aW0ds4A4tSQDIp75FqWTo
187,"A Thousand Years","Christina Perri",156599,https://open.spotify.com/track/6lanRgr6wXibZr8KgzXxBl
188,"The Day You Said Goodnight",Hale,155917,https://open.spotify.com/track/0HZ3OUVrGHxttD2EuHqRm3
189,changes,XXXTENTACION,154857,https://open.spotify.com/track/7AFASza1mXqntmGtbxXprO
190,"Versace on the Floor","Bruno Mars",154237,https://open.spotify.com/track/0kN8xEmgMW9mh7UmDYHlJP
191,"Chasing Cars","Snow Patrol",153409,https://open.spotify.com/track/11bD1JtSjlIgKgZG2134DZ
192,"Never Be the Same","Camila Cabello",153135,https://open.spotify.com/track/4eWQlBRaTjPPUlzacqEeoQ
193,"It Might Be You - Theme from Everyday I Love You","Michael Pangilinan",152910,https://open.spotify.com/track/4FdQYoWFym37QDQ2GkEHi1
194,"LOVE SCENARIO",iKON,152735,https://open.spotify.com/track/6qAzAmPBUpGrk7XADZHR5k
195,Lucky,"Jason Mraz",151965,https://open.spotify.com/track/2qLMf6TuEC3ruGJg4SMMN6
196,"Just the Way You Are","Bruno Mars",151387,https://open.spotify.com/track/7BqBn9nzAq8spo5e7cZ0dJ
197,"Slow Hands","Niall Horan",151366,https://open.spotify.com/track/2cOUlop2ZakjOKe4WinesN
198,STARGAZING,"Travis Scott",151293,https://open.spotify.com/track/7wBJfHzpfI3032CSD7CE2m
199,"Power Up","Red Velvet",151187,https://open.spotify.com/track/381g0b6QZxC13SzA2HRMIc
200,"This I Promise You",*NSYNC,151169,https://open.spotify.com/track/2Dp2LRrY71XIfLe3co2Qnh
