,,,"Note that these figures are generated using a formula that protects against any artificial inflation of chart positions.",
Position,"Track Name",Artist,Streams,URL
1,"Kill This Love",BLACKPINK,1448721,https://open.spotify.com/track/4pUCKHjJ4Ijewc37rRrvHn
2,"I Don't Care (with Justin Bieber)","Ed Sheeran",1328507,https://open.spotify.com/track/3HVWdVOQ0ZA45FuZGSfvns
3,"A Whole New World (End Title) - From ""Aladdin""",ZAYN,1254190,https://open.spotify.com/track/1iWHabUgUuuKLBa0TzTHfk
4,"Sunflower - Spider-Man: Into the Spider-Verse","Post Malone",1167108,https://open.spotify.com/track/3KkXRkHbMCARz0aVfEt68P
5,"ME! (feat. Brendon Urie of Panic! At The Disco)","Taylor Swift",1138016,https://open.spotify.com/track/4MsUsFfWseB9M2plGJyuIw
6,Sana,"I Belong to the Zoo",1127562,https://open.spotify.com/track/1X4l4i472kW5ofFP8Xo0x0
7,"Boy With Luv (feat. Halsey)",BTS,1076999,https://open.spotify.com/track/5KawlOMHjWeUjQtnuRs22c
8,"Kahit Ayaw Mo Na","This Band",1067154,https://open.spotify.com/track/58grXgbCj7t5ulr0TGLIr9
9,"Pauwi Nako",PDL,1016221,https://open.spotify.com/track/2tzAN1L07SNwnOdgOEeuQr
10,"Maybe The Night",Ben&Ben,954856,https://open.spotify.com/track/1yDiru08Q6omDOGkZMPnei
11,Talk,Khalid,915614,https://open.spotify.com/track/6TqXcAFInzjp0bODyvrWEq
12,comethru,"Jeremy Zucker",907157,https://open.spotify.com/track/18uwL0vNUanqZH0ro2QcOP
13,"Bagay Tayo",ALLMO$T,896505,https://open.spotify.com/track/2mwd0LWLBgtQBEOLG96nbU
14,"Hindi Na Nga","This Band",889659,https://open.spotify.com/track/2RgD3eO4IIGF16rR8Ch8OV
15,Dalaga,ALLMO$T,882262,https://open.spotify.com/track/3PLARiBoxCpJFUMZhvV63x
16,"i'm so tired...",Lauv,874662,https://open.spotify.com/track/7COXchtUOMd6uIT6HvmRaI
17,"Kung 'Di Rin Lang Ikaw","December Avenue",840241,https://open.spotify.com/track/2BgD4nRyx9EZ5o8YEnjRSV
18,Bulong,"December Avenue",834613,https://open.spotify.com/track/5nMKJJ5Rl6X1yn58aVeICO
19,"If I Can't Have You","Shawn Mendes",824313,https://open.spotify.com/track/6LsAAHotRLMOHfCsSfYCsz
20,Buwan,"juan karlos",820208,https://open.spotify.com/track/5f9808hpiCpuNyqqdXmpF2
21,"Missin You Crazy",Russ,797379,https://open.spotify.com/track/4ve2uzqdwnHr20G5YgMMqr
22,"bad guy","Billie Eilish",750126,https://open.spotify.com/track/2Fxmhks0bxGSBdJ92vM42m
23,"Balang Araw","I Belong to the Zoo",729688,https://open.spotify.com/track/5NXdUJ3Z2jhlp2u1cj6f7m
24,"Love Someone","Lukas Graham",709650,https://open.spotify.com/track/3id2EVGKc3eFAMn9nFnB0r
25,"Kathang Isip",Ben&Ben,697707,https://open.spotify.com/track/3WUEs51GpcvlgU7lehLgLh
26,"Best Part (feat. Daniel Caesar)",H.E.R.,687270,https://open.spotify.com/track/4OBZT9EnhYIV17t4pGw7ig
27,"Sa Susunod Na Lang",PDL,681130,https://open.spotify.com/track/34ob61cxp34Sf7KHK6RnSU
28,"Old Town Road - Remix","Lil Nas X",681071,https://open.spotify.com/track/6u7jPi22kF8CTQ3rb9DHE7
29,"Without Me",Halsey,676736,https://open.spotify.com/track/5p7ujcrUXASCNwRaWNHR1C
30,"Huling Sandali (Tayo Sa Huling Buwan Ng Taon Official Soundtrack)","December Avenue",668438,https://open.spotify.com/track/24ngpWhBOxKJtIPnzSNX8c
31,Sucker,"Jonas Brothers",667325,https://open.spotify.com/track/4y3OI86AEP6PQoDE6olYhO
32,"Nobody Knows",Russ,646922,https://open.spotify.com/track/1pNAf6W7POwjOD8x8mWf8G
33,"Dancing With A Stranger (with Normani)","Sam Smith",632793,https://open.spotify.com/track/6Qs4SXO9dwPj5GKvVOv8Ki
34,Paradise,Bazzi,575016,https://open.spotify.com/track/7njKgVl3AnLflRad38o7AG
35,"Filipina Girl","Billy Crawford",551876,https://open.spotify.com/track/7iNMzfw2couNdTNXMYG2IR
36,"Sa Ngalan Ng Pag-Ibig","December Avenue",538441,https://open.spotify.com/track/00mBzIWv5gHOYxwuEJXjOG
37,"Here With Me",Marshmello,537984,https://open.spotify.com/track/5icOoE6VgqFKohjWWNp0Ac
38,"'Di Na Babalik","This Band",532731,https://open.spotify.com/track/7hoP5NDUXEbmOawvEAsi8h
39,"Ikaw At Ako","Moira Dela Torre",520063,https://open.spotify.com/track/0gDRtumoR9ZrvAlnniToMz
40,"Sweet but Psycho","Ava Max",514188,https://open.spotify.com/track/25sgk305KZfyuqVBQIahim
41,"I Like Me Better",Lauv,504287,https://open.spotify.com/track/2P91MQbaiQOfbiz9VqhqKQ
42,"214 - From ""Alone/Together""","JM De Guzman",499516,https://open.spotify.com/track/0Fh6hgq979963fIxr2VBF2
43,"thank u, next","Ariana Grande",486530,https://open.spotify.com/track/3e9HZxeyfWwjeyPAMmWSSQ
44,"Who Do You Love","The Chainsmokers",486409,https://open.spotify.com/track/5QiNbIilmMiMBXvaAlf7lN
45,Earth,"Lil Dicky",486398,https://open.spotify.com/track/2S1LebN6AXXQqJolBxlWgO
46,Pagtingin,Ben&Ben,473546,https://open.spotify.com/track/5l9g7py8RCblcvbZgGQgSd
47,"Drugs & The Internet",Lauv,447787,https://open.spotify.com/track/4SHhui9S7lFYGHXikfneGo
48,2002,Anne-Marie,440689,https://open.spotify.com/track/2BgEsaKNfHUdlh97KmvFyo
49,"Please Me","Cardi B",440085,https://open.spotify.com/track/0PG9fbaaHFHfre2gUVo7AN
50,"Don't Know What To Do",BLACKPINK,429524,https://open.spotify.com/track/1TaQciB8qqRZ9fxWGhS65X
51,"On My Way","Alan Walker",408237,https://open.spotify.com/track/4n7jnSxVLd8QioibtTDBDq
52,FANCY,TWICE,405080,https://open.spotify.com/track/2FXd6kKCtBIc6UfN1gH1pA
53,Nobela,"Join The Club",399730,https://open.spotify.com/track/3vGkyQlCw8LklNip0ZUELC
54,okay,LANY,394831,https://open.spotify.com/track/1a0Mg4XPdt4EKsUz5beRZY
55,Happier,Marshmello,394619,https://open.spotify.com/track/2dpaYNEQHiRxtZbfNsse99
56,Undecided,"Chris Brown",390077,https://open.spotify.com/track/7uiBocndm12aKbsdnQ3Scx
57,Mundo,"IV Of Spades",383983,https://open.spotify.com/track/4u8RkgV6P4TLi89SmlUtv8
58,"Kahit Di Mo Alam","December Avenue",382342,https://open.spotify.com/track/6GIzDc4xBUeYHwubWwTrhC
59,"Malibu Nights",LANY,381610,https://open.spotify.com/track/0Eqg0CQ7bK3RQIMPw1A7pl
60,"7 rings","Ariana Grande",373627,https://open.spotify.com/track/6ocbgoVGwYJhOv1GgI9NsF
61,"'Di Na Muli","Janine Teñoso",348800,https://open.spotify.com/track/6p6DiqAPwMX7vdrSo30wgo
62,"Beautiful (feat. Camila Cabello)",Bazzi,348491,https://open.spotify.com/track/4VUwkH455At9kENOfzTqmF
63,"Bakit Ba Ikaw","Michael Pangilinan",347593,https://open.spotify.com/track/0Vmk6Ebk4QBq7r0VAz2a6s
64,"Say You Won't Let Go","James Arthur",340886,https://open.spotify.com/track/5uCax9HTNlzGybIStD3vDh
65,"Outta My Head (with John Mayer)",Khalid,340341,https://open.spotify.com/track/09oZ9eXQ2fo6YDrPzJqAoP
66,Ex,Callalily,334281,https://open.spotify.com/track/7bkAr4WNoTuSjpuh1NRQjm
67,"Girls Like You (feat. Cardi B)","Maroon 5",334229,https://open.spotify.com/track/7fa9MBXhVfQ8P8Df9OEbD8
68,Tagpuan,"Moira Dela Torre",324368,https://open.spotify.com/track/0ztDBQdQmdVZvorSmIjMih
69,"Pangako - Recorded at Kodama Studios, Philippines","Silent Sanctuary",317265,https://open.spotify.com/track/5CThcDR9mycL3TjNKQ2qFk
70,Dahan,"December Avenue",316459,https://open.spotify.com/track/6BxJLJw228OY5BFerPGl7z
71,"DDU-DU DDU-DU",BLACKPINK,315885,https://open.spotify.com/track/2aI2k39nfa3KFsa4JclQzw
72,"Kung Wala Ka",Hale,304716,https://open.spotify.com/track/4JSDhJVmo2UqdF7nxbyenn
73,Tadhana,"Up Dharma Down",302002,https://open.spotify.com/track/6NFKf8vBApSvtzkapYmnVR
74,"Thru These Tears",LANY,295124,https://open.spotify.com/track/7GbAp0HKPQW7WnFJAzMoRk
75,"Pasensya Ka Na","Silent Sanctuary",292522,https://open.spotify.com/track/0YyM8aEdbjGfLWPn6fdcn7
76,IDGAF,"Dua Lipa",286355,https://open.spotify.com/track/76cy1WJvNGJTj78UqeA5zr
77,"Bagong Umaga",Agsunta,285673,https://open.spotify.com/track/33NwLcrJHLbENMoDeAPUNi
78,Weak,"Khel Pangilinan",285596,https://open.spotify.com/track/06cUybZMETs4i3yQO1f7p3
79,"As If It's Your Last",BLACKPINK,281355,https://open.spotify.com/track/1Zyd6zQnC6XIIzmg3hP7Ot
80,"Too Good At Goodbyes","Sam Smith",277296,https://open.spotify.com/track/1mXVgsBdtIVeCLJnSnmtdV
81,"Rewrite The Stars","Zac Efron",275594,https://open.spotify.com/track/630sXRhIcfwr2e4RdNtjKN
82,Ex,Callalily,269937,https://open.spotify.com/track/0GHwNr0lqf8jpc9wesmnHo
83,"Eastside (with Halsey & Khalid)","benny blanco",269561,https://open.spotify.com/track/7FGq80cy8juXBCD2nrqdWU
84,"Hanggang Kailan - Umuwi Ka Na Baby","Orange & Lemons",268237,https://open.spotify.com/track/5UhpceEr5XmbVwyoIUIRnh
85,"Carry On (from the Original Motion Picture ""POKÉMON Detective Pikachu"")",Kygo,262456,https://open.spotify.com/track/3y3brCCecHC3Db18aIOnny
86,"This Feeling","The Chainsmokers",261461,https://open.spotify.com/track/4NBTZtAt1F13VvlSKe6KTl
87,"Close To Me (with Diplo) (feat. Swae Lee)","Ellie Goulding",261353,https://open.spotify.com/track/5JEx7HbmvHQQswJCsoo9rA
88,SOLO,JENNIE,259400,https://open.spotify.com/track/2wVDWtLKXunswWecARNILj
89,Migraine,Moonstar88,259294,https://open.spotify.com/track/7sW3f7PqDV7BQ7qqeVBJIA
90,Nightmare,Halsey,255283,https://open.spotify.com/track/340UVheS8z3ncW9TTUhAbc
91,"Truth Hurts",Lizzo,255214,https://open.spotify.com/track/5qmq61DAAOUaW8AUo8xKhh
92,"The Middle",Zedd,250595,https://open.spotify.com/track/09IStsImFySgyp0pIQdqAc
93,Shallow,"Lady Gaga",249950,https://open.spotify.com/track/2VxeLyX666F8uXCJ0dZF8B
94,"Oks Lang","John Roa",247157,https://open.spotify.com/track/6YEO7K4hwGKh7BmNxMMvkc
95,Magbalik,Callalily,247041,https://open.spotify.com/track/5zMR44ZH4KVZj4FlhTj3SE
96,"Lost In Japan","Shawn Mendes",246502,https://open.spotify.com/track/79esEXlqqmq0GPz0xQSZTV
97,"Way Back Home (feat. Conor Maynard) - Sam Feldt Edit",SHAUN,245970,https://open.spotify.com/track/1ZLrDPgR7mvuTco3rQK8Pk
98,"You Are The Reason","Calum Scott",243265,https://open.spotify.com/track/69vToJ9BMbbLlFZo7k7A7B
99,"Kick It",BLACKPINK,243216,https://open.spotify.com/track/5R0cvR5BMFkLomChhmcCzr
100,SOS,Avicii,240532,https://open.spotify.com/track/6nDKrPlXdpomGBgAlO7UdP
101,Leaves,Ben&Ben,237182,https://open.spotify.com/track/6wdCelHrPh7UfliNjwRTUv
102,"Ang Huling El Bimbo",Eraserheads,236656,https://open.spotify.com/track/135ggzbjOogZ75IQ0LQi8r
103,"There's No Way (feat. Julia Michaels)",Lauv,232671,https://open.spotify.com/track/2hnxrRNzF74mdDzpQZQukQ
104,"Kapit - From ""Alone / Together""","Armi Millare",231407,https://open.spotify.com/track/02GtNoUv85fOPEaCTlpYzr
105,Nadarang,"Shanti Dope",231284,https://open.spotify.com/track/6LJ1p1h5EcMK4VPeCLDSoF
106,Better,Khalid,231058,https://open.spotify.com/track/6zeeWid2sgw4lap2jV61PZ
107,"Someone You Loved","Lewis Capaldi",230826,https://open.spotify.com/track/7qEHsqek33rTcFNT9PFqLf
108,Perfect,"Ed Sheeran",229428,https://open.spotify.com/track/0tgVpDi06FyKpA1z0VMD4v
109,"I Don't Wanna Love You Anymore",LANY,227215,https://open.spotify.com/track/7ArrTJ1LwcGAlEO65LUQ7i
110,"Tell Me Where It Hurts",MYMP,223754,https://open.spotify.com/track/6C2nrsOlb3jOUGcJAmPrTA
111,"BOOMBAYAH - KR Ver.",BLACKPINK,223311,https://open.spotify.com/track/1qAPA8TooLVEqAZ58fhcrt
112,"Urong Sulong","Alisson Shore",221982,https://open.spotify.com/track/2KoWHNtJrbE0WxWfQjYjyu
113,"Thick And Thin",LANY,220482,https://open.spotify.com/track/3D110t9ctcoOoylXsc3iR8
114,Happier,"Ed Sheeran",217874,https://open.spotify.com/track/2RttW7RAu5nOAfq6YFvApB
115,"I'm Yours","Jason Mraz",216731,https://open.spotify.com/track/3S0OXQeoh0w6AY8WQVckRW
116,Hiling,"Mark Carpio",215381,https://open.spotify.com/track/6xQs6y6CpDqK9VKCktApEL
117,Mikrokosmos,BTS,215210,https://open.spotify.com/track/5hnbE5BF2e8BCk9OMR1UVC
118,"Summer Days (feat. Macklemore & Patrick Stump of Fall Out Boy)","Martin Garrix",215071,https://open.spotify.com/track/7Feaw9WAEREY0DUOSXJLOM
119,"Shape of My Heart","Backstreet Boys",214142,https://open.spotify.com/track/35o9a4iAfLl5jRmqMX9c1D
120,"The Day You Said Goodnight",Hale,212133,https://open.spotify.com/track/0HZ3OUVrGHxttD2EuHqRm3
121,"With a Smile","South Border",211649,https://open.spotify.com/track/6XmskR1cMfgys1W7dExmgi
122,"Bat Ngayon?, Pt.1",CLR,210117,https://open.spotify.com/track/5dE2M9Q15O1JMeOODNNgIm
123,"Ikaw Lang",Kiyo,208255,https://open.spotify.com/track/2kRjoaqiyeS0Faus5wKztH
124,"This I Promise You",*NSYNC,207720,https://open.spotify.com/track/46n2EGFnPC3tzWCN1Aqe26
125,Starving,"Hailee Steinfeld",206838,https://open.spotify.com/track/6875MeXyCW0wLyT72Eetmo
126,Lucky,"Jason Mraz",206556,https://open.spotify.com/track/2qLMf6TuEC3ruGJg4SMMN6
127,Photograph,"Ed Sheeran",205457,https://open.spotify.com/track/6fxVffaTuwjgEk5h9QyRjy
128,"break up with your girlfriend, i'm bored","Ariana Grande",205300,https://open.spotify.com/track/4kV4N9D1iKVxx1KLvtTpjS
129,"Make It Right",BTS,205030,https://open.spotify.com/track/6KUE0HSSudAp9AOycaF6SH
130,"She Will Be Loved - Radio Mix","Maroon 5",204894,https://open.spotify.com/track/4llK75pXNWZz6KAho2Gp16
131,"Sa Dulo Ng Walang Hanggan - Sa Ngalan Ng Pag-Ibig Piano Version","December Avenue",202628,https://open.spotify.com/track/1mTROTnvFi7uxGciL319Kb
132,"Forever Young",BLACKPINK,201651,https://open.spotify.com/track/56bHclo7YNvpujMveLElQn
133,"So Am I","Ava Max",200737,https://open.spotify.com/track/0uUNN1nSoUx1A4fkDCWDQ7
134,Sandali,Because,200304,https://open.spotify.com/track/0WRSaei4JRI1KTYhMqQh9y
135,"Never Not",Lauv,199577,https://open.spotify.com/track/4fFfyouye6vrX9o9z4PVMu
136,"You And Me",Lifehouse,198687,https://open.spotify.com/track/0815caqt2Lytro5EIzMufT
137,"Kiss and Make Up","Dua Lipa",197711,https://open.spotify.com/track/13hvHEstJ4sNbzdroPrPI3
138,"One and Only","Parokya Ni Edgar",197342,https://open.spotify.com/track/3OpGUlDmRUXh0NkIYWoIlD
139,Sila,SUD,194945,https://open.spotify.com/track/2IMODbij0lZ5CuAjZi0IDE
140,Someday,Nina,193032,https://open.spotify.com/track/1MkiRsYBkXbXvdiYvTTiQT
141,"Dying Inside To Hold You - From "" All Of You"" Official Soundtrack","Darren Espanto",190231,https://open.spotify.com/track/7xty20N3DMTVOVtDIS2Jov
142,Closer,"The Chainsmokers",190092,https://open.spotify.com/track/7BKLCZ1jbUBVqRi2FVlTVw
143,Sixteen,"Ellie Goulding",189918,https://open.spotify.com/track/4PkIDTPGedm0enzdvilLNd
144,Happiness,"Rex Orange County",189345,https://open.spotify.com/track/2rXVtoLBHuXcNB5DVfIc9p
145,Iris,"The Goo Goo Dolls",189230,https://open.spotify.com/track/6Qyc6fS4DsZjB2mRW9DsQs
146,"Maikee's Letters","Just Hush",187516,https://open.spotify.com/track/7xJ3VASYirHyuTpxDvTVbV
147,"Super Far",LANY,187418,https://open.spotify.com/track/15ahYSiHAIMxAnujlXVtta
148,"Psycho (feat. Ty Dolla $ign)","Post Malone",187126,https://open.spotify.com/track/3swc6WTsr7rl9DqQKQA55C
149,Stickwitu,"The Pussycat Dolls",187036,https://open.spotify.com/track/4NjR63Up0uMkQBlKvlZd1l
150,"Just the Way You Are","Bruno Mars",186935,https://open.spotify.com/track/7BqBn9nzAq8spo5e7cZ0dJ
151,ILYSB,LANY,186815,https://open.spotify.com/track/2btKtacOXuMtC9WjcNRvAA
152,Statue,"Lil Eddie",186068,https://open.spotify.com/track/540wIRdRBfKdC12S3mCF9j
153,EARFQUAKE,"Tyler, The Creator",184291,https://open.spotify.com/track/5hVghJ4KaYES3BFUATCYn0
154,"So Sick",Ne-Yo,183111,https://open.spotify.com/track/6brl7bwOHmGFkNw3MBqssT
155,"Bleeding Love","Leona Lewis",182850,https://open.spotify.com/track/7wZUrN8oemZfsEd1CGkbXE
156,"Hope Not",BLACKPINK,180756,https://open.spotify.com/track/32107DdzIGbVs9Pi54MuRS
157,"Take A Bow - Main",Rihanna,180077,https://open.spotify.com/track/39afswHs17v53znQm1gDTY
158,"Let Me Go (with Alesso, Florida Georgia Line & watt)","Hailee Steinfeld",180050,https://open.spotify.com/track/5Gu0PDLN4YJeW75PpBSg9p
159,"Big Plans","Why Don't We",178879,https://open.spotify.com/track/6Yx181fZzA0YE2EkUsYruq
160,"Treat You Better","Shawn Mendes",178674,https://open.spotify.com/track/3QGsuHI8jO1Rx4JWLUh9jd
161,"Magkunwari ('Di Man Tayo) [TODA One I Love Official Soundtrack]","December Avenue",177785,https://open.spotify.com/track/4yLc803i7qcWx4V2piWPH5
162,"ILYSB - STRIPPED",LANY,176481,https://open.spotify.com/track/3Dkvp3L4w0uJFYfIPa8E9H
163,Rainbow,"South Border",175975,https://open.spotify.com/track/3VcVQmMivq2ISfKUmIuvMK
164,"Taki Taki (with Selena Gomez, Ozuna & Cardi B)","DJ Snake",175887,https://open.spotify.com/track/4w8niZpiMy6qz1mntFA5uM
165,Sa'yo,"Silent Sanctuary",175359,https://open.spotify.com/track/29xs643Q96uQLD8f7SxYYw
166,"Old Town Road","Lil Nas X",174846,https://open.spotify.com/track/53CJANUxooaqGOtdsBTh7O
167,"PLAYING WITH FIRE - KR Ver.",BLACKPINK,174758,https://open.spotify.com/track/5OepnJhqZoyJN8qWo2LZzy
168,"Love Shot",EXO,174553,https://open.spotify.com/track/33NAYATbWRoo5RuEP30JBZ
169,"달라달라 (DALLA DALLA)",ITZY,174536,https://open.spotify.com/track/0GU5GuJQQEnnREO2FxnVPT
170,Wow.,"Post Malone",173698,https://open.spotify.com/track/6MWtB6iiXyIwun0YzU6DFP
171,"A Thousand Miles","Vanessa Carlton",173535,https://open.spotify.com/track/4w1lzcaoZ1IC2K5TwjalRP
172,"Meant to Be (feat. Florida Georgia Line)","Bebe Rexha",172444,https://open.spotify.com/track/4e4fqjx0Izh4svvTef1z7e
173,"Hanggang Kailan","Michael Pangilinan",171860,https://open.spotify.com/track/01YEqVPCm0vqRLA9w43bic
174,"A Thousand Years","Christina Perri",171567,https://open.spotify.com/track/6lanRgr6wXibZr8KgzXxBl
175,"I Want It That Way","Backstreet Boys",170518,https://open.spotify.com/track/47BBI51FKFwOMlIiX6m8ya
176,"no tears left to cry","Ariana Grande",170374,https://open.spotify.com/track/2qT1uLXPVPzGgFOx4jtEuo
177,Tagu-Taguan,"Moira Dela Torre",170291,https://open.spotify.com/track/2iOnWSWcChoGmUufbrQ00e
178,"Dating Tayo","TJ Monterde",169581,https://open.spotify.com/track/267RumTt5KeLBGl2KWxBL0
179,"Rescue Me",OneRepublic,168857,https://open.spotify.com/track/0mjAU3yKR1QnXnHtjGJqTM
180,"Your Song (My One and Only You)","Julie Anne San Jose",168141,https://open.spotify.com/track/5Seh4HfqT1mFnRJQswqz51
181,Youngblood,"5 Seconds of Summer",167748,https://open.spotify.com/track/2iUXsYOEPhVqEBwsqP70rE
182,"wish you were gay","Billie Eilish",166978,https://open.spotify.com/track/3Fj47GNK2kUF0uaEDgXLaD
183,"Be Alright","Dean Lewis",166892,https://open.spotify.com/track/5qrSlOut2rNAWv3ubArkNy
184,"Malaya (Camp Sawi Original Motion Picture Soundtrack)","Moira Dela Torre",166683,https://open.spotify.com/track/6M21eWbEw74XDdoQsNIinq
185,"A Whole New World - From ""Aladdin""","Darren Espanto",166563,https://open.spotify.com/track/3tWw8jEXsPeZh7zZoidKuh
186,"High Hopes","Panic! At The Disco",166216,https://open.spotify.com/track/1rqqCSm0Qe4I9rUvWncaom
187,"Back To You - From 13 Reasons Why – Season 2 Soundtrack","Selena Gomez",165954,https://open.spotify.com/track/4hQ6UGyWQIGJmHSo0J88JW
188,"Why Can't It Be","Kaye Cal",164671,https://open.spotify.com/track/0zFYa7NIpKhmom8zrZx7Ga
189,"Saturday Nights",Khalid,164466,https://open.spotify.com/track/5kfNriitmkNE8mUbZ7gbq8
190,"Like I'm Gonna Lose You (feat. John Legend)","Meghan Trainor",164247,https://open.spotify.com/track/2YlZnw2ikdb837oKMKjBkW
191,Breakeven,"The Script",163430,https://open.spotify.com/track/1a1i2IwXnUN0PjllVEhA4B
192,"Huling Sayaw - Acoustic",Kamikazee,161765,https://open.spotify.com/track/4UgtdWy4dm7vMVIupUbtMm
193,"WHISTLE - KR Ver.",BLACKPINK,161508,https://open.spotify.com/track/67BbMuItfrHmaNqDxBPF7c
194,"Ipagpatawad Mo",Mayonnaise,160072,https://open.spotify.com/track/7aOgo3FixklrEF0FWCgPLX
195,"Before I Let You Go",Freestyle,159532,https://open.spotify.com/track/5T8bLnWG8sg9ER8RKNZbCB
196,"Just Us (feat. SZA)","DJ Khaled",158995,https://open.spotify.com/track/0BnTBAGmr9FtYwkZrwKhwS
197,"I'm a Mess","Bebe Rexha",158784,https://open.spotify.com/track/04ZTP5KsCypmtCmQg5tH9R
198,"Shape of You","Ed Sheeran",158196,https://open.spotify.com/track/7qiZfU4dY1lWllzX7mPBI3
199,Sundo,Imago,157135,https://open.spotify.com/track/2OqQDFY4MgzkAoAZ67CscA
200,"when the party's over","Billie Eilish",156026,https://open.spotify.com/track/43zdsphuZLzwA9k4DJhU0I
